id,patron,q,duracion,filas_bloque,pct_objetivo,pct_real,bloques_por_sensor,sensores,semilla
0,overlap,3,1h,2,5,5.02,97,anemometro|interior|barometro,1
1,overlap,3,1h,2,5,4.97,72,anemometro|barometro|termohigrometro,2
2,overlap,3,1h,2,5,5.0,116,luz|barometro|anemometro,3
3,overlap,3,1h,2,5,5.01,83,luz|termohigrometro|barometro,4
4,overlap,3,1h,2,5,5.0,116,interior|luz|barometro,5
5,overlap,3,1h,2,5,5.0,145,luz|pluviometro|barometro,6
6,overlap,3,1h,2,5,5.0,116,anemometro|barometro|luz,7
7,overlap,3,1h,2,5,5.0,116,anemometro|pluviometro|interior,8
8,overlap,3,1h,2,5,5.01,83,interior|termohigrometro|luz,9
9,overlap,3,1h,2,5,5.02,97,termohigrometro|luz|pluviometro,10
10,overlap,3,1h,2,10,10.0,232,anemometro|barometro|luz,1
11,overlap,3,1h,2,10,10.0,145,anemometro|interior|termohigrometro,2
12,overlap,3,1h,2,10,10.0,290,luz|barometro|pluviometro,3
13,overlap,3,1h,2,10,9.98,193,termohigrometro|luz|pluviometro,4
14,overlap,3,1h,2,10,10.0,232,luz|interior|barometro,5
15,overlap,3,1h,2,10,10.0,232,interior|luz|anemometro,6
16,overlap,3,1h,2,10,10.0,232,anemometro|barometro|luz,7
17,overlap,3,1h,2,10,10.02,166,luz|barometro|termohigrometro,8
18,overlap,3,1h,2,10,10.0,290,luz|pluviometro|barometro,9
19,overlap,3,1h,2,10,10.0,232,interior|luz|barometro,10
20,overlap,3,1h,2,20,19.98,331,pluviometro|termohigrometro|anemometro,1
21,overlap,3,1h,2,20,20.0,464,luz|anemometro|interior,2
22,overlap,3,1h,2,20,20.0,580,interior|pluviometro|luz,3
23,overlap,3,1h,2,20,20.0,464,pluviometro|barometro|interior,4
24,overlap,3,1h,2,20,20.0,580,anemometro|pluviometro|luz,5
25,overlap,3,1h,2,20,20.02,387,pluviometro|termohigrometro|luz,6
26,overlap,3,1h,2,20,20.0,464,barometro|interior|pluviometro,7
27,overlap,3,1h,2,20,19.98,331,interior|pluviometro|termohigrometro,8
28,overlap,3,1h,2,20,20.0,464,interior|barometro|luz,9
29,overlap,3,1h,2,20,20.0,464,barometro|interior|luz,10
30,overlap,3,1h,2,30,30.0,497,interior|termohigrometro|pluviometro,1
31,overlap,3,1h,2,30,30.0,497,termohigrometro|anemometro|pluviometro,2
32,overlap,3,1h,2,30,30.01,435,anemometro|interior|termohigrometro,3
33,overlap,3,1h,2,30,30.01,435,termohigrometro|anemometro|interior,4
34,overlap,3,1h,2,30,30.0,497,termohigrometro|luz|anemometro,5
35,overlap,3,1h,2,30,30.0,497,luz|termohigrometro|barometro,6
36,overlap,3,1h,2,30,30.01,580,barometro|anemometro|interior,7
37,overlap,3,1h,2,30,30.01,580,barometro|anemometro|interior,8
38,overlap,3,1h,2,30,30.01,580,luz|pluviometro|termohigrometro,9
39,overlap,3,1h,2,30,30.0,497,barometro|termohigrometro|luz,10
40,overlap,3,1h,2,40,40.01,580,interior|termohigrometro|anemometro,1
41,overlap,3,1h,2,40,40.01,580,termohigrometro|anemometro|interior,2
42,overlap,3,1h,2,40,40.01,580,barometro|termohigrometro|interior,3
43,overlap,3,1h,2,40,40.01,580,barometro|interior|termohigrometro,4
44,overlap,3,1h,2,40,40.01,580,termohigrometro|interior|barometro,5
45,overlap,3,1h,2,40,40.01,580,anemometro|interior|termohigrometro,6
46,overlap,3,1h,2,40,40.01,580,termohigrometro|anemometro|interior,7
47,overlap,3,1h,2,40,40.01,580,barometro|termohigrometro|anemometro,8
48,overlap,3,1h,2,40,40.01,580,barometro|anemometro|termohigrometro,9
49,overlap,3,1h,2,40,40.01,580,interior|barometro|termohigrometro,10
50,overlap,3,6h,12,5,4.97,24,luz|anemometro|pluviometro,1
51,overlap,3,6h,12,5,4.91,19,barometro|anemometro|pluviometro,2
52,overlap,3,6h,12,5,4.97,12,termohigrometro|interior|anemometro,3
53,overlap,3,6h,12,5,4.91,19,barometro|pluviometro|interior,4
54,overlap,3,6h,12,5,4.97,24,pluviometro|luz|interior,5
55,overlap,3,6h,12,5,4.97,16,termohigrometro|luz|pluviometro,6
56,overlap,3,6h,12,5,5.07,14,luz|termohigrometro|interior,7
57,overlap,3,6h,12,5,4.91,19,interior|pluviometro|barometro,8
58,overlap,3,6h,12,5,4.97,16,pluviometro|luz|termohigrometro,9
59,overlap,3,6h,12,5,4.91,19,anemometro|pluviometro|interior,10
60,overlap,3,6h,12,10,10.14,28,pluviometro|barometro|termohigrometro,1
61,overlap,3,6h,12,10,9.93,32,termohigrometro|luz|pluviometro,2
62,overlap,3,6h,12,10,10.09,39,pluviometro|interior|barometro,3
63,overlap,3,6h,12,10,9.93,48,luz|barometro|pluviometro,4
64,overlap,3,6h,12,10,10.14,28,pluviometro|anemometro|termohigrometro,5
65,overlap,3,6h,12,10,10.09,39,anemometro|pluviometro|barometro,6
66,overlap,3,6h,12,10,10.14,28,termohigrometro|barometro|luz,7
67,overlap,3,6h,12,10,10.09,39,barometro|luz|anemometro,8
68,overlap,3,6h,12,10,10.09,39,luz|interior|barometro,9
69,overlap,3,6h,12,10,10.09,39,luz|anemometro|interior,10
70,overlap,3,6h,12,20,20.07,97,luz|pluviometro|anemometro,1
71,overlap,3,6h,12,20,19.92,77,interior|pluviometro|barometro,2
72,overlap,3,6h,12,20,19.92,77,interior|barometro|luz,3
73,overlap,3,6h,12,20,20.07,97,anemometro|pluviometro|luz,4
74,overlap,3,6h,12,20,19.92,55,termohigrometro|luz|barometro,5
75,overlap,3,6h,12,20,19.92,77,luz|barometro|interior,6
76,overlap,3,6h,12,20,19.92,55,pluviometro|termohigrometro|anemometro,7
77,overlap,3,6h,12,20,20.07,97,anemometro|pluviometro|luz,8
78,overlap,3,6h,12,20,20.07,97,luz|interior|pluviometro,9
79,overlap,3,6h,12,20,19.92,55,pluviometro|anemometro|termohigrometro,10
80,overlap,3,6h,12,30,30.01,145,anemometro|pluviometro|luz,1
81,overlap,3,6h,12,30,29.8,72,termohigrometro|interior|barometro,2
82,overlap,3,6h,12,30,30.06,83,interior|termohigrometro|luz,3
83,overlap,3,6h,12,30,30.01,116,luz|barometro|anemometro,4
84,overlap,3,6h,12,30,30.01,116,pluviometro|barometro|interior,5
85,overlap,3,6h,12,30,29.8,72,termohigrometro|barometro|anemometro,6
86,overlap,3,6h,12,30,29.8,72,barometro|termohigrometro|interior,7
87,overlap,3,6h,12,30,30.11,97,interior|anemometro|barometro,8
88,overlap,3,6h,12,30,30.01,116,barometro|pluviometro|interior,9
89,overlap,3,6h,12,30,30.11,97,pluviometro|termohigrometro|luz,10
90,overlap,3,6h,12,40,40.04,129,termohigrometro|pluviometro|luz,1
91,overlap,3,6h,12,40,39.83,110,barometro|luz|termohigrometro,2
92,overlap,3,6h,12,40,40.04,129,barometro|anemometro|interior,3
93,overlap,3,6h,12,40,40.14,97,anemometro|interior|termohigrometro,4
94,overlap,3,6h,12,40,39.83,110,termohigrometro|luz|barometro,5
95,overlap,3,6h,12,40,40.14,97,anemometro|termohigrometro|interior,6
96,overlap,3,6h,12,40,40.14,97,termohigrometro|interior|anemometro,7
97,overlap,3,6h,12,40,39.83,110,anemometro|pluviometro|termohigrometro,8
98,overlap,3,6h,12,40,40.14,97,anemometro|barometro|termohigrometro,9
99,overlap,3,6h,12,40,40.14,97,termohigrometro|interior|anemometro,10
100,overlap,3,6h,12,50,49.97,138,pluviometro|barometro|termohigrometro,1
101,overlap,3,6h,12,50,49.97,138,termohigrometro|barometro|luz,2
102,overlap,3,6h,12,50,50.08,121,barometro|anemometro|termohigrometro,3
103,overlap,3,6h,12,50,49.97,138,pluviometro|anemometro|termohigrometro,4
104,overlap,3,6h,12,50,49.97,138,pluviometro|barometro|termohigrometro,5
105,overlap,3,6h,12,50,50.08,121,termohigrometro|interior|barometro,6
106,overlap,3,6h,12,50,50.08,121,anemometro|interior|termohigrometro,7
107,overlap,3,6h,12,50,50.08,121,termohigrometro|barometro|anemometro,8
108,overlap,3,6h,12,50,50.08,121,barometro|termohigrometro|anemometro,9
109,overlap,3,6h,12,50,49.97,138,termohigrometro|pluviometro|anemometro,10
110,overlap,3,1d,48,5,4.97,6,luz|anemometro|pluviometro,1
111,overlap,3,1d,48,5,5.17,5,pluviometro|anemometro|interior,2
112,overlap,3,1d,48,5,4.35,3,anemometro|termohigrometro|luz,3
113,overlap,3,1d,48,5,4.35,3,termohigrometro|luz|anemometro,4
114,overlap,3,1d,48,5,4.97,6,pluviometro|interior|luz,5
115,overlap,3,1d,48,5,4.97,3,termohigrometro|interior|anemometro,6
116,overlap,3,1d,48,5,4.35,3,termohigrometro|luz|barometro,7
117,overlap,3,1d,48,5,4.97,6,luz|pluviometro|anemometro,8
118,overlap,3,1d,48,5,5.17,5,pluviometro|interior|barometro,9
119,overlap,3,1d,48,5,4.97,4,anemometro|barometro|interior,10
120,overlap,3,1d,48,10,10.14,7,luz|interior|termohigrometro,1
121,overlap,3,1d,48,10,9.93,8,termohigrometro|luz|pluviometro,2
122,overlap,3,1d,48,10,10.14,7,anemometro|pluviometro|termohigrometro,3
123,overlap,3,1d,48,10,10.14,7,interior|termohigrometro|luz,4
124,overlap,3,1d,48,10,10.14,7,barometro|termohigrometro|luz,5
125,overlap,3,1d,48,10,9.93,6,barometro|termohigrometro|anemometro,6
126,overlap,3,1d,48,10,10.35,10,pluviometro|barometro|interior,7
127,overlap,3,1d,48,10,10.35,10,barometro|anemometro|luz,8
128,overlap,3,1d,48,10,10.35,10,interior|luz|barometro,9
129,overlap,3,1d,48,10,10.35,10,luz|anemometro|barometro,10
130,overlap,3,1d,48,20,19.66,19,interior|pluviometro|anemometro,1
131,overlap,3,1d,48,20,19.87,12,barometro|termohigrometro|interior,2
132,overlap,3,1d,48,20,19.87,24,pluviometro|luz|interior,3
133,overlap,3,1d,48,20,19.66,19,barometro|interior|luz,4
134,overlap,3,1d,48,20,19.66,19,barometro|anemometro|luz,5
135,overlap,3,1d,48,20,19.87,24,pluviometro|barometro|luz,6
136,overlap,3,1d,48,20,20.28,14,luz|barometro|termohigrometro,7
137,overlap,3,1d,48,20,19.87,24,luz|pluviometro|barometro,8
138,overlap,3,1d,48,20,19.66,19,interior|pluviometro|barometro,9
139,overlap,3,1d,48,20,19.87,16,pluviometro|luz|termohigrometro,10
140,overlap,3,1d,48,30,29.8,24,anemometro|interior|barometro,1
141,overlap,3,1d,48,30,29.8,36,pluviometro|luz|barometro,2
142,overlap,3,1d,48,30,30.42,21,luz|interior|termohigrometro,3
143,overlap,3,1d,48,30,29.8,18,termohigrometro|interior|anemometro,4
144,overlap,3,1d,48,30,29.8,24,pluviometro|termohigrometro|luz,5
145,overlap,3,1d,48,30,30.42,21,luz|termohigrometro|anemometro,6
146,overlap,3,1d,48,30,30.01,29,pluviometro|anemometro|interior,7
147,overlap,3,1d,48,30,30.42,21,luz|termohigrometro|anemometro,8
148,overlap,3,1d,48,30,29.8,36,luz|pluviometro|anemometro,9
149,overlap,3,1d,48,30,30.42,21,termohigrometro|interior|luz,10
150,overlap,3,1d,48,40,40.35,39,luz|interior|barometro,1
151,overlap,3,1d,48,40,40.56,28,luz|interior|termohigrometro,2
152,overlap,3,1d,48,40,40.56,28,barometro|pluviometro|termohigrometro,3
153,overlap,3,1d,48,40,39.73,24,interior|anemometro|termohigrometro,4
154,overlap,3,1d,48,40,40.56,28,pluviometro|interior|termohigrometro,5
155,overlap,3,1d,48,40,39.73,32,luz|termohigrometro|pluviometro,6
156,overlap,3,1d,48,40,40.35,39,pluviometro|barometro|anemometro,7
157,overlap,3,1d,48,40,40.35,39,pluviometro|barometro|anemometro,8
158,overlap,3,1d,48,40,40.56,28,barometro|termohigrometro|luz,9
159,overlap,3,1d,48,40,39.73,24,termohigrometro|barometro|anemometro,10
160,overlap,3,1d,48,50,50.7,35,termohigrometro|interior|pluviometro,1
161,overlap,3,1d,48,50,49.66,30,termohigrometro|anemometro|interior,2
162,overlap,3,1d,48,50,50.7,35,anemometro|termohigrometro|luz,3
163,overlap,3,1d,48,50,50.7,35,pluviometro|termohigrometro|anemometro,4
164,overlap,3,1d,48,50,49.66,30,termohigrometro|barometro|interior,5
165,overlap,3,1d,48,50,50.7,35,anemometro|luz|termohigrometro,6
166,overlap,3,1d,48,50,50.7,35,pluviometro|termohigrometro|barometro,7
167,overlap,3,1d,48,50,50.7,35,luz|termohigrometro|barometro,8
168,overlap,3,1d,48,50,49.66,30,termohigrometro|anemometro|barometro,9
169,overlap,3,1d,48,50,49.66,30,termohigrometro|barometro|interior,10
170,overlap,3,3d,144,5,4.97,2,pluviometro|barometro|luz,1
171,overlap,3,3d,144,5,4.35,1,termohigrometro|luz|interior,2
172,overlap,3,3d,144,5,4.35,1,pluviometro|termohigrometro|interior,3
173,overlap,3,3d,144,5,4.97,1,termohigrometro|anemometro|interior,4
174,overlap,3,3d,144,5,3.72,1,interior|anemometro|barometro,5
175,overlap,3,3d,144,5,3.72,1,anemometro|barometro|interior,6
176,overlap,3,3d,144,5,4.97,2,pluviometro|barometro|luz,7
177,overlap,3,3d,144,5,4.35,1,interior|termohigrometro|pluviometro,8
178,overlap,3,3d,144,5,4.97,2,anemometro|pluviometro|luz,9
179,overlap,3,3d,144,5,4.35,1,termohigrometro|luz|interior,10
180,overlap,3,3d,144,10,8.69,2,interior|luz|termohigrometro,1
181,overlap,3,3d,144,10,8.69,2,pluviometro|interior|termohigrometro,2
182,overlap,3,3d,144,10,8.69,2,luz|termohigrometro|barometro,3
183,overlap,3,3d,144,10,11.17,3,luz|pluviometro|termohigrometro,4
184,overlap,3,3d,144,10,8.69,2,luz|barometro|termohigrometro,5
185,overlap,3,3d,144,10,9.93,4,pluviometro|luz|anemometro,6
186,overlap,3,3d,144,10,9.93,2,barometro|interior|termohigrometro,7
187,overlap,3,3d,144,10,9.31,3,interior|pluviometro|barometro,8
188,overlap,3,3d,144,10,9.31,3,luz|interior|barometro,9
189,overlap,3,3d,144,10,9.93,4,pluviometro|anemometro|luz,10
190,overlap,3,3d,144,20,18.62,6,interior|barometro|pluviometro,1
191,overlap,3,3d,144,20,21.73,5,termohigrometro|pluviometro|anemometro,2
192,overlap,3,3d,144,20,19.87,8,anemometro|luz|pluviometro,3
193,overlap,3,3d,144,20,19.87,4,interior|termohigrometro|anemometro,4
194,overlap,3,3d,144,20,19.87,4,interior|barometro|termohigrometro,5
195,overlap,3,3d,144,20,19.87,4,interior|barometro|termohigrometro,6
196,overlap,3,3d,144,20,21.73,5,termohigrometro|barometro|luz,7
197,overlap,3,3d,144,20,18.62,6,interior|barometro|luz,8
198,overlap,3,3d,144,20,21.73,5,termohigrometro|luz|barometro,9
199,overlap,3,3d,144,20,19.87,4,anemometro|termohigrometro|barometro,10
200,overlap,3,3d,144,30,30.42,7,luz|termohigrometro|interior,1
201,overlap,3,3d,144,30,29.8,12,luz|interior|pluviometro,2
202,overlap,3,3d,144,30,30.42,7,pluviometro|anemometro|termohigrometro,3
203,overlap,3,3d,144,30,31.04,10,anemometro|barometro|luz,4
204,overlap,3,3d,144,30,31.04,10,interior|anemometro|luz,5
205,overlap,3,3d,144,30,31.04,10,anemometro|interior|luz,6
206,overlap,3,3d,144,30,30.42,7,anemometro|pluviometro|termohigrometro,7
207,overlap,3,3d,144,30,29.8,8,interior|anemometro|barometro,8
208,overlap,3,3d,144,30,29.8,12,pluviometro|barometro|luz,9
209,overlap,3,3d,144,30,29.8,8,pluviometro|luz|termohigrometro,10
210,overlap,3,3d,144,40,40.35,13,barometro|interior|luz,1
211,overlap,3,3d,144,40,40.35,13,interior|pluviometro|barometro,2
212,overlap,3,3d,144,40,40.97,11,termohigrometro|pluviometro|luz,3
213,overlap,3,3d,144,40,40.35,13,barometro|pluviometro|anemometro,4
214,overlap,3,3d,144,40,39.11,9,anemometro|luz|termohigrometro,5
215,overlap,3,3d,144,40,40.35,13,anemometro|interior|luz,6
216,overlap,3,3d,144,40,39.73,8,barometro|anemometro|termohigrometro,7
217,overlap,3,3d,144,40,39.73,8,termohigrometro|anemometro|barometro,8
218,overlap,3,3d,144,40,39.11,9,termohigrometro|luz|anemometro,9
219,overlap,3,3d,144,40,40.35,13,barometro|pluviometro|anemometro,10
220,overlap,3,3d,144,50,48.42,13,pluviometro|termohigrometro|luz,1
221,overlap,3,3d,144,50,49.66,10,anemometro|barometro|termohigrometro,2
222,overlap,3,3d,144,50,48.42,13,termohigrometro|luz|pluviometro,3
223,overlap,3,3d,144,50,49.66,10,termohigrometro|anemometro|barometro,4
224,overlap,3,3d,144,50,49.66,10,barometro|anemometro|termohigrometro,5
225,overlap,3,3d,144,50,49.66,10,barometro|interior|termohigrometro,6
226,overlap,3,3d,144,50,49.66,10,anemometro|termohigrometro|barometro,7
227,overlap,3,3d,144,50,48.42,13,pluviometro|termohigrometro|luz,8
228,overlap,3,3d,144,50,49.66,10,anemometro|barometro|termohigrometro,9
229,overlap,3,3d,144,50,48.42,13,pluviometro|luz|termohigrometro,10
230,overlap,3,7d,336,5,5.79,1,luz|anemometro|pluviometro,1
231,overlap,3,7d,336,5,5.79,1,interior|luz|pluviometro,2
232,overlap,3,7d,336,5,5.79,1,pluviometro|interior|luz,3
233,overlap,3,7d,336,5,5.79,1,pluviometro|luz|anemometro,4
234,overlap,3,7d,336,5,5.79,1,pluviometro|luz|interior,5
235,overlap,3,7d,336,5,5.79,1,pluviometro|anemometro|luz,6
236,overlap,3,7d,336,5,5.79,1,pluviometro|anemometro|luz,7
237,overlap,3,7d,336,5,5.79,1,interior|pluviometro|luz,8
238,overlap,3,7d,336,5,5.79,1,pluviometro|luz|barometro,9
239,overlap,3,7d,336,5,5.79,1,interior|pluviometro|luz,10
240,overlap,3,7d,336,10,8.69,1,barometro|interior|anemometro,1
241,overlap,3,7d,336,10,10.14,1,termohigrometro|barometro|pluviometro,2
242,overlap,3,7d,336,10,11.59,1,termohigrometro|barometro|interior,3
243,overlap,3,7d,336,10,11.59,2,luz|anemometro|pluviometro,4
244,overlap,3,7d,336,10,11.59,2,barometro|pluviometro|luz,5
245,overlap,3,7d,336,10,10.14,1,pluviometro|barometro|termohigrometro,6
246,overlap,3,7d,336,10,11.59,2,interior|luz|pluviometro,7
247,overlap,3,7d,336,10,11.59,1,anemometro|interior|termohigrometro,8
248,overlap,3,7d,336,10,11.59,1,anemometro|interior|termohigrometro,9
249,overlap,3,7d,336,10,11.59,1,interior|barometro|termohigrometro,10
250,overlap,3,7d,336,20,20.28,2,luz|termohigrometro|barometro,1
251,overlap,3,7d,336,20,21.73,3,anemometro|pluviometro|interior,2
252,overlap,3,7d,336,20,20.28,2,pluviometro|barometro|termohigrometro,3
253,overlap,3,7d,336,20,21.73,3,pluviometro|anemometro|interior,4
254,overlap,3,7d,336,20,20.28,2,pluviometro|barometro|termohigrometro,5
255,overlap,3,7d,336,20,21.73,3,interior|barometro|pluviometro,6
256,overlap,3,7d,336,20,20.28,2,pluviometro|interior|termohigrometro,7
257,overlap,3,7d,336,20,20.28,2,barometro|pluviometro|termohigrometro,8
258,overlap,3,7d,336,20,21.73,3,barometro|pluviometro|interior,9
259,overlap,3,7d,336,20,21.73,3,barometro|luz|interior,10
260,overlap,3,7d,336,30,28.97,4,barometro|luz|anemometro,1
261,overlap,3,7d,336,30,30.42,3,interior|termohigrometro|luz,2
262,overlap,3,7d,336,30,30.42,3,barometro|luz|termohigrometro,3
263,overlap,3,7d,336,30,30.42,3,anemometro|pluviometro|termohigrometro,4
264,overlap,3,7d,336,30,28.97,4,pluviometro|anemometro|barometro,5
265,overlap,3,7d,336,30,28.97,4,interior|luz|barometro,6
266,overlap,3,7d,336,30,28.97,4,barometro|interior|pluviometro,7
267,overlap,3,7d,336,30,30.42,3,luz|barometro|termohigrometro,8
268,overlap,3,7d,336,30,28.97,4,luz|interior|anemometro,9
269,overlap,3,7d,336,30,28.97,5,luz|pluviometro|barometro,10
270,overlap,3,7d,336,40,40.56,4,luz|barometro|termohigrometro,1
271,overlap,3,7d,336,40,40.56,4,interior|pluviometro|termohigrometro,2
272,overlap,3,7d,336,40,40.56,4,barometro|pluviometro|termohigrometro,3
273,overlap,3,7d,336,40,40.56,4,anemometro|termohigrometro|pluviometro,4
274,overlap,3,7d,336,40,40.56,4,interior|luz|termohigrometro,5
275,overlap,3,7d,336,40,40.56,4,barometro|pluviometro|termohigrometro,6
276,overlap,3,7d,336,40,40.56,4,termohigrometro|anemometro|pluviometro,7
277,overlap,3,7d,336,40,40.56,4,pluviometro|termohigrometro|interior,8
278,overlap,3,7d,336,40,40.56,4,anemometro|termohigrometro|luz,9
279,overlap,3,7d,336,40,40.56,4,interior|luz|termohigrometro,10
280,overlap,3,7d,336,50,50.7,5,pluviometro|interior|termohigrometro,1
281,overlap,3,7d,336,50,50.7,5,pluviometro|interior|termohigrometro,2
282,overlap,3,7d,336,50,50.7,5,termohigrometro|luz|interior,3
283,overlap,3,7d,336,50,50.7,5,termohigrometro|pluviometro|anemometro,4
284,overlap,3,7d,336,50,50.7,5,luz|anemometro|termohigrometro,5
285,overlap,3,7d,336,50,50.7,5,termohigrometro|luz|anemometro,6
286,overlap,3,7d,336,50,50.7,5,pluviometro|interior|termohigrometro,7
287,overlap,3,7d,336,50,50.7,5,termohigrometro|luz|anemometro,8
288,overlap,3,7d,336,50,50.7,5,interior|pluviometro|termohigrometro,9
289,overlap,3,7d,336,50,50.7,5,termohigrometro|pluviometro|anemometro,10
290,overlap,6,1h,2,5,4.97,48,anemometro|luz|termohigrometro|barometro|pluviometro|interior,1
291,overlap,6,1h,2,5,4.97,48,anemometro|termohigrometro|interior|barometro|pluviometro|luz,2
292,overlap,6,1h,2,5,4.97,48,barometro|pluviometro|luz|termohigrometro|anemometro|interior,3
293,overlap,6,1h,2,5,4.97,48,luz|interior|pluviometro|anemometro|barometro|termohigrometro,4
294,overlap,6,1h,2,5,4.97,48,luz|interior|barometro|pluviometro|anemometro|termohigrometro,5
295,overlap,6,1h,2,5,4.97,48,luz|pluviometro|anemometro|barometro|interior|termohigrometro,6
296,overlap,6,1h,2,5,4.97,48,termohigrometro|interior|anemometro|luz|pluviometro|barometro,7
297,overlap,6,1h,2,5,4.97,48,pluviometro|anemometro|interior|termohigrometro|luz|barometro,8
298,overlap,6,1h,2,5,4.97,48,luz|anemometro|barometro|interior|pluviometro|termohigrometro,9
299,overlap,6,1h,2,5,4.97,48,anemometro|termohigrometro|barometro|luz|pluviometro|interior,10
300,overlap,6,1h,2,10,10.04,97,anemometro|interior|luz|pluviometro|barometro|termohigrometro,1
301,overlap,6,1h,2,10,10.04,97,anemometro|interior|pluviometro|luz|barometro|termohigrometro,2
302,overlap,6,1h,2,10,10.04,97,pluviometro|termohigrometro|anemometro|interior|barometro|luz,3
303,overlap,6,1h,2,10,10.04,97,luz|termohigrometro|pluviometro|interior|anemometro|barometro,4
304,overlap,6,1h,2,10,10.04,97,anemometro|barometro|luz|termohigrometro|interior|pluviometro,5
305,overlap,6,1h,2,10,10.04,97,barometro|interior|luz|termohigrometro|pluviometro|anemometro,6
306,overlap,6,1h,2,10,10.04,97,termohigrometro|anemometro|interior|barometro|luz|pluviometro,7
307,overlap,6,1h,2,10,10.04,97,barometro|termohigrometro|pluviometro|luz|interior|anemometro,8
308,overlap,6,1h,2,10,10.04,97,luz|pluviometro|barometro|anemometro|termohigrometro|interior,9
309,overlap,6,1h,2,10,10.04,97,luz|barometro|pluviometro|termohigrometro|interior|anemometro,10
310,overlap,6,1h,2,20,19.97,193,interior|luz|barometro|pluviometro|anemometro|termohigrometro,1
311,overlap,6,1h,2,20,19.97,193,barometro|pluviometro|luz|termohigrometro|interior|anemometro,2
312,overlap,6,1h,2,20,19.97,193,termohigrometro|anemometro|pluviometro|interior|luz|barometro,3
313,overlap,6,1h,2,20,19.97,193,interior|luz|pluviometro|termohigrometro|anemometro|barometro,4
314,overlap,6,1h,2,20,19.97,193,termohigrometro|interior|anemometro|pluviometro|luz|barometro,5
315,overlap,6,1h,2,20,19.97,193,luz|interior|anemometro|termohigrometro|pluviometro|barometro,6
316,overlap,6,1h,2,20,19.97,193,termohigrometro|interior|luz|barometro|pluviometro|anemometro,7
317,overlap,6,1h,2,20,19.97,193,pluviometro|interior|barometro|luz|termohigrometro|anemometro,8
318,overlap,6,1h,2,20,19.97,193,pluviometro|luz|anemometro|barometro|interior|termohigrometro,9
319,overlap,6,1h,2,20,19.97,193,termohigrometro|pluviometro|anemometro|interior|barometro|luz,10
320,overlap,6,1h,2,30,30.01,290,luz|interior|termohigrometro|pluviometro|anemometro|barometro,1
321,overlap,6,1h,2,30,30.01,290,pluviometro|barometro|anemometro|luz|termohigrometro|interior,2
322,overlap,6,1h,2,30,30.01,290,interior|luz|barometro|anemometro|termohigrometro|pluviometro,3
323,overlap,6,1h,2,30,30.01,290,termohigrometro|interior|pluviometro|luz|anemometro|barometro,4
324,overlap,6,1h,2,30,30.01,290,interior|luz|anemometro|termohigrometro|pluviometro|barometro,5
325,overlap,6,1h,2,30,30.01,290,pluviometro|luz|interior|anemometro|termohigrometro|barometro,6
326,overlap,6,1h,2,30,30.01,290,interior|anemometro|pluviometro|termohigrometro|barometro|luz,7
327,overlap,6,1h,2,30,30.01,290,termohigrometro|pluviometro|barometro|interior|anemometro|luz,8
328,overlap,6,1h,2,30,30.01,290,termohigrometro|luz|anemometro|pluviometro|barometro|interior,9
329,overlap,6,1h,2,30,30.01,290,pluviometro|anemometro|termohigrometro|interior|barometro|luz,10
330,overlap,6,1h,2,40,40.04,387,anemometro|termohigrometro|barometro|pluviometro|interior|luz,1
331,overlap,6,1h,2,40,40.04,387,barometro|interior|pluviometro|termohigrometro|anemometro|luz,2
332,overlap,6,1h,2,40,40.04,387,interior|termohigrometro|barometro|luz|anemometro|pluviometro,3
333,overlap,6,1h,2,40,40.04,387,barometro|pluviometro|anemometro|interior|termohigrometro|luz,4
334,overlap,6,1h,2,40,40.04,387,interior|anemometro|pluviometro|termohigrometro|barometro|luz,5
335,overlap,6,1h,2,40,40.04,387,luz|termohigrometro|interior|pluviometro|barometro|anemometro,6
336,overlap,6,1h,2,40,40.04,387,termohigrometro|anemometro|interior|pluviometro|luz|barometro,7
337,overlap,6,1h,2,40,40.04,387,luz|termohigrometro|anemometro|barometro|pluviometro|interior,8
338,overlap,6,1h,2,40,40.04,387,anemometro|termohigrometro|interior|luz|barometro|pluviometro,9
339,overlap,6,1h,2,40,40.04,387,luz|pluviometro|anemometro|termohigrometro|barometro|interior,10
340,overlap,6,1h,2,50,49.97,483,anemometro|pluviometro|termohigrometro|interior|luz|barometro,1
341,overlap,6,1h,2,50,49.97,483,luz|interior|barometro|pluviometro|anemometro|termohigrometro,2
342,overlap,6,1h,2,50,49.97,483,termohigrometro|luz|pluviometro|interior|anemometro|barometro,3
343,overlap,6,1h,2,50,49.97,483,barometro|luz|pluviometro|interior|anemometro|termohigrometro,4
344,overlap,6,1h,2,50,49.97,483,interior|luz|barometro|pluviometro|termohigrometro|anemometro,5
345,overlap,6,1h,2,50,49.97,483,interior|luz|anemometro|barometro|termohigrometro|pluviometro,6
346,overlap,6,1h,2,50,49.97,483,termohigrometro|pluviometro|anemometro|luz|interior|barometro,7
347,overlap,6,1h,2,50,49.97,483,interior|termohigrometro|pluviometro|anemometro|barometro|luz,8
348,overlap,6,1h,2,50,49.97,483,anemometro|termohigrometro|barometro|luz|pluviometro|interior,9
349,overlap,6,1h,2,50,49.97,483,luz|barometro|pluviometro|termohigrometro|interior|anemometro,10
350,overlap,6,6h,12,5,4.97,8,interior|termohigrometro|luz|anemometro|pluviometro|barometro,1
351,overlap,6,6h,12,5,4.97,8,anemometro|luz|termohigrometro|interior|pluviometro|barometro,2
352,overlap,6,6h,12,5,4.97,8,termohigrometro|interior|pluviometro|barometro|anemometro|luz,3
353,overlap,6,6h,12,5,4.97,8,pluviometro|anemometro|interior|luz|termohigrometro|barometro,4
354,overlap,6,6h,12,5,4.97,8,barometro|luz|pluviometro|termohigrometro|anemometro|interior,5
355,overlap,6,6h,12,5,4.97,8,termohigrometro|interior|luz|barometro|anemometro|pluviometro,6
356,overlap,6,6h,12,5,4.97,8,luz|termohigrometro|barometro|pluviometro|interior|anemometro,7
357,overlap,6,6h,12,5,4.97,8,interior|barometro|luz|anemometro|termohigrometro|pluviometro,8
358,overlap,6,6h,12,5,4.97,8,anemometro|interior|termohigrometro|luz|barometro|pluviometro,9
359,overlap,6,6h,12,5,4.97,8,barometro|interior|pluviometro|luz|termohigrometro|anemometro,10
360,overlap,6,6h,12,10,9.93,16,barometro|interior|anemometro|pluviometro|termohigrometro|luz,1
361,overlap,6,6h,12,10,9.93,16,luz|interior|anemometro|barometro|pluviometro|termohigrometro,2
362,overlap,6,6h,12,10,9.93,16,pluviometro|barometro|interior|anemometro|luz|termohigrometro,3
363,overlap,6,6h,12,10,9.93,16,pluviometro|termohigrometro|barometro|luz|interior|anemometro,4
364,overlap,6,6h,12,10,9.93,16,pluviometro|barometro|anemometro|termohigrometro|luz|interior,5
365,overlap,6,6h,12,10,9.93,16,luz|anemometro|termohigrometro|pluviometro|interior|barometro,6
366,overlap,6,6h,12,10,9.93,16,anemometro|luz|pluviometro|barometro|interior|termohigrometro,7
367,overlap,6,6h,12,10,9.93,16,pluviometro|luz|barometro|anemometro|termohigrometro|interior,8
368,overlap,6,6h,12,10,9.93,16,barometro|anemometro|pluviometro|termohigrometro|luz|interior,9
369,overlap,6,6h,12,10,9.93,16,termohigrometro|luz|interior|barometro|anemometro|pluviometro,10
370,overlap,6,6h,12,20,19.87,32,luz|pluviometro|interior|anemometro|termohigrometro|barometro,1
371,overlap,6,6h,12,20,19.87,32,barometro|luz|anemometro|interior|pluviometro|termohigrometro,2
372,overlap,6,6h,12,20,19.87,32,termohigrometro|anemometro|interior|barometro|pluviometro|luz,3
373,overlap,6,6h,12,20,19.87,32,interior|barometro|pluviometro|anemometro|luz|termohigrometro,4
374,overlap,6,6h,12,20,19.87,32,termohigrometro|pluviometro|anemometro|luz|barometro|interior,5
375,overlap,6,6h,12,20,19.87,32,barometro|termohigrometro|anemometro|luz|interior|pluviometro,6
376,overlap,6,6h,12,20,19.87,32,termohigrometro|pluviometro|barometro|anemometro|interior|luz,7
377,overlap,6,6h,12,20,19.87,32,barometro|anemometro|luz|termohigrometro|interior|pluviometro,8
378,overlap,6,6h,12,20,19.87,32,luz|termohigrometro|pluviometro|anemometro|barometro|interior,9
379,overlap,6,6h,12,20,19.87,32,barometro|anemometro|interior|termohigrometro|pluviometro|luz,10
380,overlap,6,6h,12,30,29.8,48,interior|anemometro|barometro|pluviometro|luz|termohigrometro,1
381,overlap,6,6h,12,30,29.8,48,pluviometro|termohigrometro|interior|luz|barometro|anemometro,2
382,overlap,6,6h,12,30,29.8,48,barometro|anemometro|luz|interior|pluviometro|termohigrometro,3
383,overlap,6,6h,12,30,29.8,48,pluviometro|anemometro|interior|termohigrometro|barometro|luz,4
384,overlap,6,6h,12,30,29.8,48,termohigrometro|barometro|luz|pluviometro|interior|anemometro,5
385,overlap,6,6h,12,30,29.8,48,barometro|interior|luz|pluviometro|anemometro|termohigrometro,6
386,overlap,6,6h,12,30,29.8,48,anemometro|pluviometro|termohigrometro|luz|barometro|interior,7
387,overlap,6,6h,12,30,29.8,48,interior|anemometro|termohigrometro|pluviometro|barometro|luz,8
388,overlap,6,6h,12,30,29.8,48,pluviometro|barometro|interior|anemometro|termohigrometro|luz,9
389,overlap,6,6h,12,30,29.8,48,termohigrometro|luz|interior|anemometro|barometro|pluviometro,10
390,overlap,6,6h,12,40,39.73,64,anemometro|luz|pluviometro|interior|termohigrometro|barometro,1
391,overlap,6,6h,12,40,39.73,64,pluviometro|termohigrometro|barometro|luz|interior|anemometro,2
392,overlap,6,6h,12,40,39.73,64,pluviometro|interior|barometro|luz|termohigrometro|anemometro,3
393,overlap,6,6h,12,40,39.73,64,luz|termohigrometro|barometro|pluviometro|interior|anemometro,4
394,overlap,6,6h,12,40,39.73,64,luz|pluviometro|anemometro|termohigrometro|interior|barometro,5
395,overlap,6,6h,12,40,39.73,64,pluviometro|interior|barometro|luz|anemometro|termohigrometro,6
396,overlap,6,6h,12,40,39.73,64,barometro|pluviometro|luz|anemometro|interior|termohigrometro,7
397,overlap,6,6h,12,40,39.73,64,pluviometro|anemometro|termohigrometro|barometro|interior|luz,8
398,overlap,6,6h,12,40,39.73,64,termohigrometro|luz|interior|pluviometro|anemometro|barometro,9
399,overlap,6,6h,12,40,39.73,64,anemometro|interior|barometro|luz|pluviometro|termohigrometro,10
400,overlap,6,6h,12,50,50.28,81,anemometro|interior|pluviometro|barometro|termohigrometro|luz,1
401,overlap,6,6h,12,50,50.28,81,termohigrometro|pluviometro|interior|barometro|luz|anemometro,2
402,overlap,6,6h,12,50,50.28,81,luz|pluviometro|interior|termohigrometro|barometro|anemometro,3
403,overlap,6,6h,12,50,50.28,81,termohigrometro|barometro|luz|pluviometro|interior|anemometro,4
404,overlap,6,6h,12,50,50.28,81,pluviometro|barometro|anemometro|interior|termohigrometro|luz,5
405,overlap,6,6h,12,50,50.28,81,interior|luz|pluviometro|termohigrometro|anemometro|barometro,6
406,overlap,6,6h,12,50,50.28,81,barometro|interior|termohigrometro|pluviometro|anemometro|luz,7
407,overlap,6,6h,12,50,50.28,81,luz|termohigrometro|barometro|anemometro|interior|pluviometro,8
408,overlap,6,6h,12,50,50.28,81,interior|luz|anemometro|termohigrometro|barometro|pluviometro,9
409,overlap,6,6h,12,50,50.28,81,anemometro|interior|termohigrometro|pluviometro|luz|barometro,10
410,overlap,6,1d,48,5,4.97,2,luz|interior|barometro|pluviometro|termohigrometro|anemometro,1
411,overlap,6,1d,48,5,4.97,2,pluviometro|luz|anemometro|barometro|interior|termohigrometro,2
412,overlap,6,1d,48,5,4.97,2,anemometro|interior|luz|termohigrometro|barometro|pluviometro,3
413,overlap,6,1d,48,5,4.97,2,barometro|anemometro|interior|luz|termohigrometro|pluviometro,4
414,overlap,6,1d,48,5,4.97,2,anemometro|termohigrometro|pluviometro|luz|barometro|interior,5
415,overlap,6,1d,48,5,4.97,2,pluviometro|interior|termohigrometro|luz|anemometro|barometro,6
416,overlap,6,1d,48,5,4.97,2,barometro|pluviometro|termohigrometro|luz|anemometro|interior,7
417,overlap,6,1d,48,5,4.97,2,luz|anemometro|interior|termohigrometro|pluviometro|barometro,8
418,overlap,6,1d,48,5,4.97,2,termohigrometro|luz|barometro|anemometro|pluviometro|interior,9
419,overlap,6,1d,48,5,4.97,2,anemometro|luz|termohigrometro|interior|barometro|pluviometro,10
420,overlap,6,1d,48,10,9.93,4,termohigrometro|pluviometro|interior|luz|barometro|anemometro,1
421,overlap,6,1d,48,10,9.93,4,interior|pluviometro|luz|anemometro|barometro|termohigrometro,2
422,overlap,6,1d,48,10,9.93,4,interior|pluviometro|anemometro|barometro|luz|termohigrometro,3
423,overlap,6,1d,48,10,9.93,4,luz|barometro|termohigrometro|anemometro|interior|pluviometro,4
424,overlap,6,1d,48,10,9.93,4,interior|barometro|anemometro|pluviometro|luz|termohigrometro,5
425,overlap,6,1d,48,10,9.93,4,pluviometro|luz|anemometro|interior|barometro|termohigrometro,6
426,overlap,6,1d,48,10,9.93,4,barometro|anemometro|interior|termohigrometro|pluviometro|luz,7
427,overlap,6,1d,48,10,9.93,4,luz|pluviometro|interior|termohigrometro|anemometro|barometro,8
428,overlap,6,1d,48,10,9.93,4,luz|barometro|termohigrometro|interior|pluviometro|anemometro,9
429,overlap,6,1d,48,10,9.93,4,anemometro|barometro|luz|termohigrometro|interior|pluviometro,10
430,overlap,6,1d,48,20,19.87,8,luz|termohigrometro|anemometro|barometro|pluviometro|interior,1
431,overlap,6,1d,48,20,19.87,8,anemometro|termohigrometro|barometro|luz|interior|pluviometro,2
432,overlap,6,1d,48,20,19.87,8,luz|interior|pluviometro|barometro|anemometro|termohigrometro,3
433,overlap,6,1d,48,20,19.87,8,interior|barometro|anemometro|termohigrometro|luz|pluviometro,4
434,overlap,6,1d,48,20,19.87,8,pluviometro|termohigrometro|interior|barometro|luz|anemometro,5
435,overlap,6,1d,48,20,19.87,8,pluviometro|interior|barometro|luz|termohigrometro|anemometro,6
436,overlap,6,1d,48,20,19.87,8,barometro|anemometro|pluviometro|interior|luz|termohigrometro,7
437,overlap,6,1d,48,20,19.87,8,luz|anemometro|termohigrometro|interior|barometro|pluviometro,8
438,overlap,6,1d,48,20,19.87,8,luz|termohigrometro|barometro|anemometro|pluviometro|interior,9
439,overlap,6,1d,48,20,19.87,8,anemometro|luz|pluviometro|interior|barometro|termohigrometro,10
440,overlap,6,1d,48,30,29.8,12,termohigrometro|pluviometro|barometro|anemometro|luz|interior,1
441,overlap,6,1d,48,30,29.8,12,luz|termohigrometro|barometro|interior|pluviometro|anemometro,2
442,overlap,6,1d,48,30,29.8,12,barometro|luz|interior|pluviometro|termohigrometro|anemometro,3
443,overlap,6,1d,48,30,29.8,12,anemometro|pluviometro|luz|barometro|interior|termohigrometro,4
444,overlap,6,1d,48,30,29.8,12,interior|anemometro|pluviometro|luz|termohigrometro|barometro,5
445,overlap,6,1d,48,30,29.8,12,termohigrometro|barometro|pluviometro|luz|interior|anemometro,6
446,overlap,6,1d,48,30,29.8,12,barometro|pluviometro|termohigrometro|anemometro|luz|interior,7
447,overlap,6,1d,48,30,29.8,12,barometro|pluviometro|anemometro|luz|termohigrometro|interior,8
448,overlap,6,1d,48,30,29.8,12,barometro|luz|pluviometro|anemometro|termohigrometro|interior,9
449,overlap,6,1d,48,30,29.8,12,barometro|termohigrometro|pluviometro|interior|luz|anemometro,10
450,overlap,6,1d,48,40,39.73,16,barometro|anemometro|pluviometro|luz|termohigrometro|interior,1
451,overlap,6,1d,48,40,39.73,16,interior|termohigrometro|barometro|luz|anemometro|pluviometro,2
452,overlap,6,1d,48,40,39.73,16,pluviometro|termohigrometro|barometro|luz|interior|anemometro,3
453,overlap,6,1d,48,40,39.73,16,anemometro|pluviometro|barometro|interior|luz|termohigrometro,4
454,overlap,6,1d,48,40,39.73,16,barometro|termohigrometro|luz|pluviometro|interior|anemometro,5
455,overlap,6,1d,48,40,39.73,16,interior|luz|barometro|anemometro|termohigrometro|pluviometro,6
456,overlap,6,1d,48,40,39.73,16,interior|anemometro|termohigrometro|luz|barometro|pluviometro,7
457,overlap,6,1d,48,40,39.73,16,anemometro|barometro|luz|termohigrometro|interior|pluviometro,8
458,overlap,6,1d,48,40,39.73,16,anemometro|pluviometro|termohigrometro|interior|barometro|luz,9
459,overlap,6,1d,48,40,39.73,16,pluviometro|barometro|luz|anemometro|termohigrometro|interior,10
460,overlap,6,1d,48,50,49.66,20,interior|termohigrometro|barometro|anemometro|pluviometro|luz,1
461,overlap,6,1d,48,50,49.66,20,pluviometro|barometro|interior|termohigrometro|luz|anemometro,2
462,overlap,6,1d,48,50,49.66,20,termohigrometro|anemometro|pluviometro|luz|barometro|interior,3
463,overlap,6,1d,48,50,49.66,20,anemometro|pluviometro|barometro|luz|termohigrometro|interior,4
464,overlap,6,1d,48,50,49.66,20,interior|barometro|termohigrometro|pluviometro|luz|anemometro,5
465,overlap,6,1d,48,50,49.66,20,pluviometro|barometro|termohigrometro|interior|anemometro|luz,6
466,overlap,6,1d,48,50,49.66,20,anemometro|pluviometro|interior|barometro|termohigrometro|luz,7
467,overlap,6,1d,48,50,49.66,20,interior|anemometro|barometro|luz|termohigrometro|pluviometro,8
468,overlap,6,1d,48,50,49.66,20,pluviometro|interior|luz|termohigrometro|barometro|anemometro,9
469,overlap,6,1d,48,50,49.66,20,luz|anemometro|pluviometro|termohigrometro|barometro|interior,10
470,overlap,6,3d,144,30,29.8,4,anemometro|interior|luz|barometro|termohigrometro|pluviometro,1
471,overlap,6,3d,144,30,29.8,4,termohigrometro|pluviometro|barometro|luz|interior|anemometro,2
472,overlap,6,3d,144,30,29.8,4,termohigrometro|interior|barometro|anemometro|luz|pluviometro,3
473,overlap,6,3d,144,30,29.8,4,anemometro|pluviometro|barometro|termohigrometro|interior|luz,4
474,overlap,6,3d,144,30,29.8,4,luz|pluviometro|termohigrometro|barometro|anemometro|interior,5
475,overlap,6,3d,144,30,29.8,4,termohigrometro|luz|barometro|interior|pluviometro|anemometro,6
476,overlap,6,3d,144,30,29.8,4,barometro|pluviometro|termohigrometro|luz|interior|anemometro,7
477,overlap,6,3d,144,30,29.8,4,interior|barometro|luz|anemometro|pluviometro|termohigrometro,8
478,overlap,6,3d,144,30,29.8,4,termohigrometro|anemometro|barometro|pluviometro|luz|interior,9
479,overlap,6,3d,144,30,29.8,4,barometro|interior|anemometro|termohigrometro|luz|pluviometro,10
480,disjoint,1,1h,2,5,5.0,580,luz,1
481,disjoint,1,1h,2,5,5.0,145,termohigrometro,2
482,disjoint,1,1h,2,5,5.0,290,barometro,3
483,disjoint,1,1h,2,5,5.0,290,barometro,4
484,disjoint,1,1h,2,5,5.0,290,barometro,5
485,disjoint,1,1h,2,5,5.0,580,pluviometro,6
486,disjoint,1,1h,2,5,5.0,145,termohigrometro,7
487,disjoint,1,1h,2,5,5.0,290,anemometro,8
488,disjoint,1,1h,2,5,5.0,580,luz,9
489,disjoint,1,1h,2,5,5.0,145,termohigrometro,10
490,disjoint,1,1h,2,10,10.0,290,termohigrometro,1
491,disjoint,1,1h,2,10,10.0,580,interior,2
492,disjoint,1,1h,2,10,10.0,580,barometro,3
493,disjoint,1,1h,2,10,10.0,290,termohigrometro,4
494,disjoint,1,1h,2,10,10.0,580,anemometro,5
495,disjoint,1,1h,2,10,10.0,580,barometro,6
496,disjoint,1,1h,2,10,10.0,290,termohigrometro,7
497,disjoint,1,1h,2,10,10.0,580,anemometro,8
498,disjoint,1,1h,2,10,10.0,290,termohigrometro,9
499,disjoint,1,1h,2,10,10.0,580,barometro,10
500,disjoint,1,1h,2,20,20.0,580,termohigrometro,1
501,disjoint,1,1h,2,20,20.0,580,termohigrometro,2
502,disjoint,1,1h,2,20,20.0,580,termohigrometro,3
503,disjoint,1,1h,2,20,20.0,580,termohigrometro,4
504,disjoint,1,1h,2,20,20.0,580,termohigrometro,5
505,disjoint,1,1h,2,20,20.0,580,termohigrometro,6
506,disjoint,1,1h,2,20,20.0,580,termohigrometro,7
507,disjoint,1,1h,2,20,20.0,580,termohigrometro,8
508,disjoint,1,1h,2,20,20.0,580,termohigrometro,9
509,disjoint,1,1h,2,20,20.0,580,termohigrometro,10
510,disjoint,1,6h,12,5,4.97,48,interior,1
511,disjoint,1,6h,12,5,5.02,97,pluviometro,2
512,disjoint,1,6h,12,5,5.02,97,pluviometro,3
513,disjoint,1,6h,12,5,4.97,24,termohigrometro,4
514,disjoint,1,6h,12,5,5.02,97,luz,5
515,disjoint,1,6h,12,5,4.97,48,anemometro,6
516,disjoint,1,6h,12,5,5.02,97,luz,7
517,disjoint,1,6h,12,5,5.02,97,pluviometro,8
518,disjoint,1,6h,12,5,5.02,97,pluviometro,9
519,disjoint,1,6h,12,5,5.02,97,luz,10
520,disjoint,1,6h,12,10,10.04,97,barometro,1
521,disjoint,1,6h,12,10,10.04,97,barometro,2
522,disjoint,1,6h,12,10,9.93,48,termohigrometro,3
523,disjoint,1,6h,12,10,10.04,97,anemometro,4
524,disjoint,1,6h,12,10,10.04,97,barometro,5
525,disjoint,1,6h,12,10,10.04,97,barometro,6
526,disjoint,1,6h,12,10,9.93,48,termohigrometro,7
527,disjoint,1,6h,12,10,10.04,97,anemometro,8
528,disjoint,1,6h,12,10,10.04,97,barometro,9
529,disjoint,1,6h,12,10,10.04,97,barometro,10
530,disjoint,1,6h,12,20,20.07,97,termohigrometro,1
531,disjoint,1,6h,12,20,20.07,97,termohigrometro,2
532,disjoint,1,6h,12,20,20.07,97,termohigrometro,3
533,disjoint,1,6h,12,20,20.07,97,termohigrometro,4
534,disjoint,1,6h,12,20,20.07,97,termohigrometro,5
535,disjoint,1,6h,12,20,20.07,97,termohigrometro,6
536,disjoint,1,6h,12,20,20.07,97,termohigrometro,7
537,disjoint,1,6h,12,20,20.07,97,termohigrometro,8
538,disjoint,1,6h,12,20,20.07,97,termohigrometro,9
539,disjoint,1,6h,12,20,20.07,97,termohigrometro,10
540,disjoint,1,6h,12,30,30.01,145,termohigrometro,1
541,disjoint,1,6h,12,30,30.01,145,termohigrometro,2
542,disjoint,1,6h,12,30,30.01,145,termohigrometro,3
543,disjoint,1,6h,12,30,30.01,145,termohigrometro,4
544,disjoint,1,6h,12,30,30.01,145,termohigrometro,5
545,disjoint,1,6h,12,30,30.01,145,termohigrometro,6
546,disjoint,1,6h,12,30,30.01,145,termohigrometro,7
547,disjoint,1,6h,12,30,30.01,145,termohigrometro,8
548,disjoint,1,6h,12,30,30.01,145,termohigrometro,9
549,disjoint,1,6h,12,30,30.01,145,termohigrometro,10
550,disjoint,1,1d,48,5,4.97,24,pluviometro,1
551,disjoint,1,1d,48,5,4.97,24,pluviometro,2
552,disjoint,1,1d,48,5,4.97,24,luz,3
553,disjoint,1,1d,48,5,4.97,12,interior,4
554,disjoint,1,1d,48,5,4.97,6,termohigrometro,5
555,disjoint,1,1d,48,5,4.97,12,barometro,6
556,disjoint,1,1d,48,5,4.97,6,termohigrometro,7
557,disjoint,1,1d,48,5,4.97,12,interior,8
558,disjoint,1,1d,48,5,4.97,6,termohigrometro,9
559,disjoint,1,1d,48,5,4.97,12,interior,10
560,disjoint,1,1d,48,10,9.93,24,barometro,1
561,disjoint,1,1d,48,10,9.93,24,interior,2
562,disjoint,1,1d,48,10,9.93,24,anemometro,3
563,disjoint,1,1d,48,10,9.93,24,barometro,4
564,disjoint,1,1d,48,10,9.93,24,anemometro,5
565,disjoint,1,1d,48,10,9.93,24,anemometro,6
566,disjoint,1,1d,48,10,9.93,24,interior,7
567,disjoint,1,1d,48,10,9.93,12,termohigrometro,8
568,disjoint,1,1d,48,10,9.93,24,anemometro,9
569,disjoint,1,1d,48,10,9.93,24,interior,10
570,disjoint,1,1d,48,20,19.87,24,termohigrometro,1
571,disjoint,1,1d,48,20,19.87,24,termohigrometro,2
572,disjoint,1,1d,48,20,19.87,24,termohigrometro,3
573,disjoint,1,1d,48,20,19.87,24,termohigrometro,4
574,disjoint,1,1d,48,20,19.87,24,termohigrometro,5
575,disjoint,1,1d,48,20,19.87,24,termohigrometro,6
576,disjoint,1,1d,48,20,19.87,24,termohigrometro,7
577,disjoint,1,1d,48,20,19.87,24,termohigrometro,8
578,disjoint,1,1d,48,20,19.87,24,termohigrometro,9
579,disjoint,1,1d,48,20,19.87,24,termohigrometro,10
580,disjoint,1,1d,48,30,29.8,36,termohigrometro,1
581,disjoint,1,1d,48,30,29.8,36,termohigrometro,2
582,disjoint,1,1d,48,30,29.8,36,termohigrometro,3
583,disjoint,1,1d,48,30,29.8,36,termohigrometro,4
584,disjoint,1,1d,48,30,29.8,36,termohigrometro,5
585,disjoint,1,1d,48,30,29.8,36,termohigrometro,6
586,disjoint,1,1d,48,30,29.8,36,termohigrometro,7
587,disjoint,1,1d,48,30,29.8,36,termohigrometro,8
588,disjoint,1,1d,48,30,29.8,36,termohigrometro,9
589,disjoint,1,1d,48,30,29.8,36,termohigrometro,10
590,disjoint,1,3d,144,5,4.97,8,luz,1
591,disjoint,1,3d,144,5,4.97,8,pluviometro,2
592,disjoint,1,3d,144,5,4.97,2,termohigrometro,3
593,disjoint,1,3d,144,5,4.97,4,interior,4
594,disjoint,1,3d,144,5,4.97,4,barometro,5
595,disjoint,1,3d,144,5,4.97,2,termohigrometro,6
596,disjoint,1,3d,144,5,4.97,4,anemometro,7
597,disjoint,1,3d,144,5,4.97,8,pluviometro,8
598,disjoint,1,3d,144,5,4.97,4,barometro,9
599,disjoint,1,3d,144,5,4.97,4,interior,10
600,disjoint,1,3d,144,10,9.93,8,barometro,1
601,disjoint,1,3d,144,10,9.93,4,termohigrometro,2
602,disjoint,1,3d,144,10,9.93,8,anemometro,3
603,disjoint,1,3d,144,10,9.93,8,barometro,4
604,disjoint,1,3d,144,10,9.93,4,termohigrometro,5
605,disjoint,1,3d,144,10,9.93,8,interior,6
606,disjoint,1,3d,144,10,9.93,8,anemometro,7
607,disjoint,1,3d,144,10,9.93,8,interior,8
608,disjoint,1,3d,144,10,9.93,8,interior,9
609,disjoint,1,3d,144,10,9.93,8,barometro,10
610,disjoint,1,3d,144,20,19.87,8,termohigrometro,1
611,disjoint,1,3d,144,20,19.87,8,termohigrometro,2
612,disjoint,1,3d,144,20,19.87,8,termohigrometro,3
613,disjoint,1,3d,144,20,19.87,8,termohigrometro,4
614,disjoint,1,3d,144,20,19.87,8,termohigrometro,5
615,disjoint,1,3d,144,20,19.87,8,termohigrometro,6
616,disjoint,1,3d,144,20,19.87,8,termohigrometro,7
617,disjoint,1,3d,144,20,19.87,8,termohigrometro,8
618,disjoint,1,3d,144,20,19.87,8,termohigrometro,9
619,disjoint,1,3d,144,20,19.87,8,termohigrometro,10
620,disjoint,1,3d,144,30,29.8,12,termohigrometro,1
621,disjoint,1,3d,144,30,29.8,12,termohigrometro,2
622,disjoint,1,3d,144,30,29.8,12,termohigrometro,3
623,disjoint,1,3d,144,30,29.8,12,termohigrometro,4
624,disjoint,1,3d,144,30,29.8,12,termohigrometro,5
625,disjoint,1,3d,144,30,29.8,12,termohigrometro,6
626,disjoint,1,3d,144,30,29.8,12,termohigrometro,7
627,disjoint,1,3d,144,30,29.8,12,termohigrometro,8
628,disjoint,1,3d,144,30,29.8,12,termohigrometro,9
629,disjoint,1,3d,144,30,29.8,12,termohigrometro,10
630,disjoint,1,7d,336,5,5.79,1,termohigrometro,1
631,disjoint,1,7d,336,5,4.35,3,pluviometro,2
632,disjoint,1,7d,336,5,5.79,2,interior,3
633,disjoint,1,7d,336,5,5.79,2,interior,4
634,disjoint,1,7d,336,5,5.79,2,barometro,5
635,disjoint,1,7d,336,5,5.79,2,anemometro,6
636,disjoint,1,7d,336,5,5.79,2,anemometro,7
637,disjoint,1,7d,336,5,4.35,3,pluviometro,8
638,disjoint,1,7d,336,5,4.35,3,luz,9
639,disjoint,1,7d,336,5,5.79,2,anemometro,10
640,disjoint,1,7d,336,10,8.69,3,anemometro,1
641,disjoint,1,7d,336,10,8.69,3,anemometro,2
642,disjoint,1,7d,336,10,8.69,3,barometro,3
643,disjoint,1,7d,336,10,8.69,3,interior,4
644,disjoint,1,7d,336,10,8.69,3,anemometro,5
645,disjoint,1,7d,336,10,8.69,3,anemometro,6
646,disjoint,1,7d,336,10,8.69,3,interior,7
647,disjoint,1,7d,336,10,8.69,3,anemometro,8
648,disjoint,1,7d,336,10,8.69,3,anemometro,9
649,disjoint,1,7d,336,10,8.69,3,barometro,10
650,disjoint,1,7d,336,30,28.97,5,termohigrometro,1
651,disjoint,1,7d,336,30,28.97,5,termohigrometro,2
652,disjoint,1,7d,336,30,28.97,5,termohigrometro,3
653,disjoint,1,7d,336,30,28.97,5,termohigrometro,4
654,disjoint,1,7d,336,30,28.97,5,termohigrometro,5
655,disjoint,1,7d,336,30,28.97,5,termohigrometro,6
656,disjoint,1,7d,336,30,28.97,5,termohigrometro,7
657,disjoint,1,7d,336,30,28.97,5,termohigrometro,8
658,disjoint,1,7d,336,30,28.97,5,termohigrometro,9
659,disjoint,1,7d,336,30,28.97,5,termohigrometro,10
660,disjoint,3,1h,2,5,5.01,83,termohigrometro|luz|barometro,1
661,disjoint,3,1h,2,5,5.01,83,termohigrometro|pluviometro|anemometro,2
662,disjoint,3,1h,2,5,5.0,116,anemometro|interior|luz,3
663,disjoint,3,1h,2,5,5.0,145,pluviometro|luz|interior,4
664,disjoint,3,1h,2,5,5.0,145,pluviometro|luz|anemometro,5
665,disjoint,3,1h,2,5,4.97,72,anemometro|barometro|termohigrometro,6
666,disjoint,3,1h,2,5,4.97,72,termohigrometro|anemometro|barometro,7
667,disjoint,3,1h,2,5,4.97,72,interior|termohigrometro|anemometro,8
668,disjoint,3,1h,2,5,5.01,83,termohigrometro|pluviometro|barometro,9
669,disjoint,3,1h,2,5,5.0,145,luz|interior|pluviometro,10
670,disjoint,3,1h,2,10,10.0,145,anemometro|termohigrometro|interior,1
671,disjoint,3,1h,2,10,10.02,166,pluviometro|barometro|termohigrometro,2
672,disjoint,3,1h,2,10,10.0,290,anemometro|pluviometro|luz,3
673,disjoint,3,1h,2,10,10.0,232,barometro|interior|pluviometro,4
674,disjoint,3,1h,2,10,10.02,166,luz|interior|termohigrometro,5
675,disjoint,3,1h,2,10,10.02,166,termohigrometro|luz|barometro,6
676,disjoint,3,1h,2,10,10.0,232,anemometro|interior|pluviometro,7
677,disjoint,3,1h,2,10,10.0,232,pluviometro|anemometro|barometro,8
678,disjoint,3,1h,2,10,9.98,193,anemometro|interior|barometro,9
679,disjoint,3,1h,2,10,10.0,232,anemometro|interior|luz,10
680,disjoint,3,1h,2,20,19.98,331,termohigrometro|luz|interior,1
681,disjoint,3,1h,2,20,20.0,580,luz|anemometro|pluviometro,2
682,disjoint,3,1h,2,20,20.0,464,anemometro|pluviometro|interior,3
683,disjoint,3,1h,2,20,20.0,464,luz|interior|barometro,4
684,disjoint,3,1h,2,20,20.0,464,pluviometro|barometro|interior,5
685,disjoint,3,1h,2,20,19.98,331,interior|luz|termohigrometro,6
686,disjoint,3,1h,2,20,20.02,387,barometro|anemometro|interior,7
687,disjoint,3,1h,2,20,20.0,290,barometro|termohigrometro|interior,8
688,disjoint,3,1h,2,20,20.0,580,luz|pluviometro|barometro,9
689,disjoint,3,1h,2,20,19.98,331,barometro|termohigrometro|luz,10
690,disjoint,3,1h,2,30,30.0,497,luz|termohigrometro|barometro,1
691,disjoint,3,1h,2,30,30.01,580,anemometro|barometro|interior,2
692,disjoint,3,1h,2,30,30.0,497,luz|termohigrometro|anemometro,3
693,disjoint,3,1h,2,30,30.01,580,termohigrometro|luz|pluviometro,4
694,disjoint,3,1h,2,30,30.0,497,barometro|pluviometro|termohigrometro,5
695,disjoint,3,1h,2,30,30.0,497,interior|termohigrometro|luz,6
696,disjoint,3,1h,2,30,30.01,435,interior|termohigrometro|barometro,7
697,disjoint,3,1h,2,30,30.0,497,termohigrometro|barometro|pluviometro,8
698,disjoint,3,1h,2,30,30.0,497,interior|pluviometro|termohigrometro,9
699,disjoint,3,1h,2,30,30.0,497,termohigrometro|interior|luz,10
700,disjoint,3,1h,2,40,40.01,580,barometro|termohigrometro|anemometro,1
701,disjoint,3,1h,2,40,40.01,580,termohigrometro|interior|anemometro,2
702,disjoint,3,1h,2,40,40.01,580,barometro|interior|termohigrometro,3
703,disjoint,3,1h,2,40,40.01,580,termohigrometro|barometro|anemometro,4
704,disjoint,3,1h,2,40,40.01,580,termohigrometro|anemometro|interior,5
705,disjoint,3,1h,2,40,40.01,580,anemometro|termohigrometro|barometro,6
706,disjoint,3,1h,2,40,40.01,580,anemometro|termohigrometro|interior,7
707,disjoint,3,1h,2,40,40.01,580,interior|termohigrometro|barometro,8
708,disjoint,3,1h,2,40,40.01,580,barometro|interior|termohigrometro,9
709,disjoint,3,1h,2,40,40.01,580,anemometro|termohigrometro|barometro,10
710,disjoint,3,6h,12,5,5.07,14,pluviometro|interior|termohigrometro,1
711,disjoint,3,6h,12,5,4.97,12,barometro|termohigrometro|interior,2
712,disjoint,3,6h,12,5,4.97,12,termohigrometro|anemometro|barometro,3
713,disjoint,3,6h,12,5,4.97,16,interior|barometro|anemometro,4
714,disjoint,3,6h,12,5,4.91,19,barometro|pluviometro|interior,5
715,disjoint,3,6h,12,5,4.91,19,barometro|interior|luz,6
716,disjoint,3,6h,12,5,5.07,14,pluviometro|barometro|termohigrometro,7
717,disjoint,3,6h,12,5,4.97,12,interior|anemometro|termohigrometro,8
718,disjoint,3,6h,12,5,5.07,14,pluviometro|anemometro|termohigrometro,9
719,disjoint,3,6h,12,5,4.97,12,anemometro|interior|termohigrometro,10
720,disjoint,3,6h,12,10,10.09,39,anemometro|pluviometro|interior,1
721,disjoint,3,6h,12,10,10.09,39,barometro|interior|pluviometro,2
722,disjoint,3,6h,12,10,10.09,39,interior|pluviometro|barometro,3
723,disjoint,3,6h,12,10,10.09,39,barometro|luz|interior,4
724,disjoint,3,6h,12,10,9.93,48,luz|pluviometro|interior,5
725,disjoint,3,6h,12,10,9.93,48,luz|pluviometro|anemometro,6
726,disjoint,3,6h,12,10,10.09,39,pluviometro|barometro|interior,7
727,disjoint,3,6h,12,10,9.93,32,termohigrometro|luz|pluviometro,8
728,disjoint,3,6h,12,10,9.93,32,anemometro|barometro|interior,9
729,disjoint,3,6h,12,10,10.09,39,barometro|pluviometro|interior,10
730,disjoint,3,6h,12,20,19.92,55,pluviometro|termohigrometro|interior,1
731,disjoint,3,6h,12,20,20.07,97,luz|interior|pluviometro,2
732,disjoint,3,6h,12,20,19.92,77,interior|barometro|pluviometro,3
733,disjoint,3,6h,12,20,19.92,55,anemometro|termohigrometro|luz,4
734,disjoint,3,6h,12,20,19.87,48,interior|termohigrometro|anemometro,5
735,disjoint,3,6h,12,20,19.92,55,termohigrometro|interior|pluviometro,6
736,disjoint,3,6h,12,20,20.07,97,anemometro|luz|pluviometro,7
737,disjoint,3,6h,12,20,19.92,55,pluviometro|anemometro|termohigrometro,8
738,disjoint,3,6h,12,20,19.92,77,anemometro|luz|interior,9
739,disjoint,3,6h,12,20,19.92,77,barometro|interior|pluviometro,10
740,disjoint,3,6h,12,30,30.01,116,barometro|pluviometro|interior,1
741,disjoint,3,6h,12,30,29.8,72,termohigrometro|interior|barometro,2
742,disjoint,3,6h,12,30,30.01,116,luz|anemometro|barometro,3
743,disjoint,3,6h,12,30,30.06,83,pluviometro|termohigrometro|interior,4
744,disjoint,3,6h,12,30,30.01,116,pluviometro|anemometro|barometro,5
745,disjoint,3,6h,12,30,30.01,145,pluviometro|anemometro|luz,6
746,disjoint,3,6h,12,30,29.8,72,interior|anemometro|termohigrometro,7
747,disjoint,3,6h,12,30,30.01,116,pluviometro|anemometro|interior,8
748,disjoint,3,6h,12,30,29.8,72,termohigrometro|interior|barometro,9
749,disjoint,3,6h,12,30,29.8,72,termohigrometro|anemometro|barometro,10
750,disjoint,3,6h,12,40,40.14,97,termohigrometro|anemometro|barometro,1
751,disjoint,3,6h,12,40,40.14,97,barometro|termohigrometro|interior,2
752,disjoint,3,6h,12,40,40.04,129,termohigrometro|luz|pluviometro,3
753,disjoint,3,6h,12,40,39.83,110,anemometro|luz|termohigrometro,4
754,disjoint,3,6h,12,40,39.83,110,termohigrometro|luz|anemometro,5
755,disjoint,3,6h,12,40,39.83,110,barometro|termohigrometro|luz,6
756,disjoint,3,6h,12,40,39.83,110,pluviometro|anemometro|termohigrometro,7
757,disjoint,3,6h,12,40,39.83,110,pluviometro|termohigrometro|interior,8
758,disjoint,3,6h,12,40,40.14,97,anemometro|termohigrometro|interior,9
759,disjoint,3,6h,12,40,39.83,110,termohigrometro|anemometro|luz,10
760,disjoint,3,6h,12,50,49.97,138,anemometro|termohigrometro|pluviometro,1
761,disjoint,3,6h,12,50,49.97,138,barometro|termohigrometro|pluviometro,2
762,disjoint,3,6h,12,50,50.08,121,interior|termohigrometro|anemometro,3
763,disjoint,3,6h,12,50,49.97,138,termohigrometro|anemometro|pluviometro,4
764,disjoint,3,6h,12,50,50.08,121,interior|barometro|termohigrometro,5
765,disjoint,3,6h,12,50,49.97,138,interior|luz|termohigrometro,6
766,disjoint,3,6h,12,50,49.97,138,barometro|termohigrometro|luz,7
767,disjoint,3,6h,12,50,49.97,138,termohigrometro|luz|anemometro,8
768,disjoint,3,6h,12,50,49.97,138,termohigrometro|interior|luz,9
769,disjoint,3,6h,12,50,49.97,138,termohigrometro|luz|barometro,10
770,disjoint,3,1d,48,5,5.17,5,anemometro|barometro|luz,1
771,disjoint,3,1d,48,5,4.97,6,anemometro|luz|pluviometro,2
772,disjoint,3,1d,48,5,4.97,6,pluviometro|barometro|luz,3
773,disjoint,3,1d,48,5,4.35,3,termohigrometro|luz|barometro,4
774,disjoint,3,1d,48,5,4.35,3,barometro|termohigrometro|luz,5
775,disjoint,3,1d,48,5,4.35,3,pluviometro|barometro|termohigrometro,6
776,disjoint,3,1d,48,5,5.17,5,anemometro|barometro|pluviometro,7
777,disjoint,3,1d,48,5,4.35,3,anemometro|termohigrometro|pluviometro,8
778,disjoint,3,1d,48,5,4.97,6,interior|pluviometro|luz,9
779,disjoint,3,1d,48,5,5.17,5,pluviometro|interior|barometro,10
780,disjoint,3,1d,48,10,9.93,12,pluviometro|luz|interior,1
781,disjoint,3,1d,48,10,10.14,7,luz|interior|termohigrometro,2
782,disjoint,3,1d,48,10,9.93,6,termohigrometro|barometro|interior,3
783,disjoint,3,1d,48,10,9.93,6,anemometro|termohigrometro|barometro,4
784,disjoint,3,1d,48,10,9.93,8,anemometro|barometro|interior,5
785,disjoint,3,1d,48,10,10.14,7,anemometro|pluviometro|termohigrometro,6
786,disjoint,3,1d,48,10,9.93,6,anemometro|barometro|termohigrometro,7
787,disjoint,3,1d,48,10,10.35,10,interior|luz|anemometro,8
788,disjoint,3,1d,48,10,10.35,10,interior|anemometro|luz,9
789,disjoint,3,1d,48,10,10.35,10,pluviometro|barometro|interior,10
790,disjoint,3,1d,48,20,19.87,16,termohigrometro|pluviometro|luz,1
791,disjoint,3,1d,48,20,19.87,16,barometro|anemometro|interior,2
792,disjoint,3,1d,48,20,19.87,12,interior|anemometro|termohigrometro,3
793,disjoint,3,1d,48,20,19.87,24,anemometro|pluviometro|luz,4
794,disjoint,3,1d,48,20,19.87,12,anemometro|termohigrometro|barometro,5
795,disjoint,3,1d,48,20,20.28,14,luz|termohigrometro|anemometro,6
796,disjoint,3,1d,48,20,19.87,24,pluviometro|luz|interior,7
797,disjoint,3,1d,48,20,20.28,14,pluviometro|termohigrometro|anemometro,8
798,disjoint,3,1d,48,20,19.66,19,anemometro|interior|luz,9
799,disjoint,3,1d,48,20,19.66,19,anemometro|pluviometro|barometro,10
800,disjoint,3,1d,48,30,30.42,21,barometro|pluviometro|termohigrometro,1
801,disjoint,3,1d,48,30,30.01,29,luz|anemometro|interior,2
802,disjoint,3,1d,48,30,30.42,21,luz|termohigrometro|anemometro,3
803,disjoint,3,1d,48,30,29.8,36,luz|pluviometro|anemometro,4
804,disjoint,3,1d,48,30,30.01,29,interior|barometro|pluviometro,5
805,disjoint,3,1d,48,30,30.42,21,anemometro|termohigrometro|pluviometro,6
806,disjoint,3,1d,48,30,29.8,18,termohigrometro|interior|anemometro,7
807,disjoint,3,1d,48,30,29.8,24,termohigrometro|luz|pluviometro,8
808,disjoint,3,1d,48,30,30.42,21,termohigrometro|luz|anemometro,9
809,disjoint,3,1d,48,30,30.42,21,barometro|pluviometro|termohigrometro,10
810,disjoint,3,1d,48,40,40.56,28,termohigrometro|luz|anemometro,1
811,disjoint,3,1d,48,40,40.56,28,anemometro|termohigrometro|luz,2
812,disjoint,3,1d,48,40,40.35,39,interior|anemometro|luz,3
813,disjoint,3,1d,48,40,40.35,39,barometro|interior|luz,4
814,disjoint,3,1d,48,40,40.35,39,luz|anemometro|interior,5
815,disjoint,3,1d,48,40,40.35,39,pluviometro|interior|barometro,6
816,disjoint,3,1d,48,40,40.56,28,pluviometro|termohigrometro|interior,7
817,disjoint,3,1d,48,40,40.35,39,luz|anemometro|barometro,8
818,disjoint,3,1d,48,40,40.56,28,interior|pluviometro|termohigrometro,9
819,disjoint,3,1d,48,40,40.56,28,termohigrometro|luz|barometro,10
820,disjoint,3,1d,48,50,50.7,35,luz|barometro|termohigrometro,1
821,disjoint,3,1d,48,50,50.7,35,luz|termohigrometro|anemometro,2
822,disjoint,3,1d,48,50,50.7,35,barometro|pluviometro|termohigrometro,3
823,disjoint,3,1d,48,50,50.7,35,termohigrometro|pluviometro|barometro,4
824,disjoint,3,1d,48,50,50.7,35,termohigrometro|pluviometro|anemometro,5
825,disjoint,3,1d,48,50,49.66,30,barometro|termohigrometro|anemometro,6
826,disjoint,3,1d,48,50,49.66,30,interior|termohigrometro|barometro,7
827,disjoint,3,1d,48,50,50.7,35,barometro|termohigrometro|pluviometro,8
828,disjoint,3,1d,48,50,50.7,35,luz|barometro|termohigrometro,9
829,disjoint,3,1d,48,50,49.66,30,barometro|anemometro|termohigrometro,10
830,disjoint,3,3d,144,5,4.97,1,anemometro|interior|termohigrometro,1
831,disjoint,3,3d,144,5,6.21,2,interior|barometro|luz,2
832,disjoint,3,3d,144,5,4.35,1,barometro|termohigrometro|luz,3
833,disjoint,3,3d,144,5,3.72,1,termohigrometro|luz|pluviometro,4
834,disjoint,3,3d,144,5,4.97,2,pluviometro|anemometro|luz,5
835,disjoint,3,3d,144,5,4.35,1,anemometro|luz|termohigrometro,6
836,disjoint,3,3d,144,5,4.35,1,termohigrometro|anemometro|pluviometro,7
837,disjoint,3,3d,144,5,4.35,1,termohigrometro|interior|luz,8
838,disjoint,3,3d,144,5,6.21,2,interior|anemometro|luz,9
839,disjoint,3,3d,144,5,4.97,2,interior|luz|pluviometro,10
840,disjoint,3,3d,144,10,9.31,3,barometro|anemometro|pluviometro,1
841,disjoint,3,3d,144,10,11.17,3,barometro|interior|anemometro,2
842,disjoint,3,3d,144,10,9.93,4,luz|pluviometro|barometro,3
843,disjoint,3,3d,144,10,8.69,2,barometro|luz|termohigrometro,4
844,disjoint,3,3d,144,10,9.93,4,luz|barometro|pluviometro,5
845,disjoint,3,3d,144,10,9.31,3,interior|pluviometro|anemometro,6
846,disjoint,3,3d,144,10,9.93,2,termohigrometro|barometro|interior,7
847,disjoint,3,3d,144,10,9.31,3,barometro|anemometro|luz,8
848,disjoint,3,3d,144,10,8.69,2,pluviometro|interior|termohigrometro,9
849,disjoint,3,3d,144,10,9.31,3,interior|barometro|luz,10
850,disjoint,3,3d,144,20,21.73,5,termohigrometro|luz|anemometro,1
851,disjoint,3,3d,144,20,18.62,6,barometro|luz|anemometro,2
852,disjoint,3,3d,144,20,21.73,5,termohigrometro|interior|luz,3
853,disjoint,3,3d,144,20,21.73,5,termohigrometro|anemometro|luz,4
854,disjoint,3,3d,144,20,21.73,5,pluviometro|termohigrometro|anemometro,5
855,disjoint,3,3d,144,20,18.62,5,luz|termohigrometro|pluviometro,6
856,disjoint,3,3d,144,20,21.73,5,termohigrometro|barometro|luz,7
857,disjoint,3,3d,144,20,21.73,5,termohigrometro|pluviometro|barometro,8
858,disjoint,3,3d,144,20,18.62,5,luz|pluviometro|termohigrometro,9
859,disjoint,3,3d,144,20,21.73,5,luz|termohigrometro|barometro,10
860,disjoint,3,3d,144,30,30.42,7,interior|pluviometro|termohigrometro,1
861,disjoint,3,3d,144,30,29.8,6,interior|termohigrometro|barometro,2
862,disjoint,3,3d,144,30,30.42,7,pluviometro|termohigrometro|barometro,3
863,disjoint,3,3d,144,30,31.04,10,interior|pluviometro|anemometro,4
864,disjoint,3,3d,144,30,31.04,10,pluviometro|interior|anemometro,5
865,disjoint,3,3d,144,30,30.42,7,termohigrometro|interior|luz,6
866,disjoint,3,3d,144,30,29.8,8,anemometro|interior|barometro,7
867,disjoint,3,3d,144,30,30.42,7,luz|termohigrometro|barometro,8
868,disjoint,3,3d,144,30,31.04,10,pluviometro|barometro|interior,9
869,disjoint,3,3d,144,30,29.8,6,interior|termohigrometro|barometro,10
870,disjoint,3,3d,144,40,40.35,13,barometro|anemometro|pluviometro,1
871,disjoint,3,3d,144,40,40.35,13,anemometro|barometro|luz,2
872,disjoint,3,3d,144,40,40.35,13,interior|anemometro|luz,3
873,disjoint,3,3d,144,40,40.35,13,interior|luz|barometro,4
874,disjoint,3,3d,144,40,40.97,11,anemometro|interior|barometro,5
875,disjoint,3,3d,144,40,39.11,9,pluviometro|barometro|termohigrometro,6
876,disjoint,3,3d,144,40,40.35,13,pluviometro|anemometro|interior,7
877,disjoint,3,3d,144,40,40.97,11,barometro|interior|anemometro,8
878,disjoint,3,3d,144,40,40.97,11,luz|termohigrometro|pluviometro,9
879,disjoint,3,3d,144,40,40.35,13,anemometro|barometro|pluviometro,10
880,disjoint,3,3d,144,50,48.42,13,termohigrometro|luz|pluviometro,1
881,disjoint,3,3d,144,50,49.66,10,anemometro|termohigrometro|interior,2
882,disjoint,3,3d,144,50,49.66,10,termohigrometro|barometro|interior,3
883,disjoint,3,3d,144,50,49.66,10,anemometro|interior|termohigrometro,4
884,disjoint,3,3d,144,50,49.66,10,termohigrometro|anemometro|barometro,5
885,disjoint,3,3d,144,50,49.66,10,interior|anemometro|termohigrometro,6
886,disjoint,3,3d,144,50,48.42,13,anemometro|barometro|interior,7
887,disjoint,3,3d,144,50,49.66,10,interior|anemometro|termohigrometro,8
888,disjoint,3,3d,144,50,49.66,10,termohigrometro|interior|anemometro,9
889,disjoint,3,3d,144,50,48.42,13,interior|anemometro|barometro,10
890,disjoint,3,7d,336,5,5.79,1,interior|luz|pluviometro,1
891,disjoint,3,7d,336,5,5.79,1,pluviometro|luz|barometro,2
892,disjoint,3,7d,336,5,5.79,1,luz|barometro|pluviometro,3
893,disjoint,3,7d,336,5,5.79,1,barometro|luz|pluviometro,4
894,disjoint,3,7d,336,5,5.79,1,pluviometro|interior|luz,5
895,disjoint,3,7d,336,5,5.79,1,barometro|pluviometro|luz,6
896,disjoint,3,7d,336,5,5.79,1,barometro|pluviometro|luz,7
897,disjoint,3,7d,336,5,5.79,1,pluviometro|luz|barometro,8
898,disjoint,3,7d,336,5,5.79,1,luz|pluviometro|interior,9
899,disjoint,3,7d,336,5,5.79,1,luz|pluviometro|barometro,10
900,disjoint,3,7d,336,10,11.59,1,termohigrometro|interior|barometro,1
901,disjoint,3,7d,336,10,11.59,2,anemometro|luz|pluviometro,2
902,disjoint,3,7d,336,10,8.69,1,barometro|anemometro|interior,3
903,disjoint,3,7d,336,10,10.14,1,termohigrometro|luz|barometro,4
904,disjoint,3,7d,336,10,11.59,1,interior|barometro|termohigrometro,5
905,disjoint,3,7d,336,10,11.59,1,barometro|anemometro|termohigrometro,6
906,disjoint,3,7d,336,10,10.14,1,luz|interior|termohigrometro,7
907,disjoint,3,7d,336,10,10.14,1,barometro|termohigrometro|luz,8
908,disjoint,3,7d,336,10,10.14,1,luz|anemometro|termohigrometro,9
909,disjoint,3,7d,336,10,11.59,1,anemometro|termohigrometro|interior,10
910,disjoint,3,7d,336,20,20.28,2,termohigrometro|anemometro|luz,1
911,disjoint,3,7d,336,20,21.73,3,anemometro|interior|pluviometro,2
912,disjoint,3,7d,336,20,20.28,2,barometro|termohigrometro|pluviometro,3
913,disjoint,3,7d,336,20,21.73,3,pluviometro|anemometro|interior,4
914,disjoint,3,7d,336,20,20.28,2,interior|termohigrometro|luz,5
915,disjoint,3,7d,336,20,20.28,2,pluviometro|anemometro|termohigrometro,6
916,disjoint,3,7d,336,20,20.28,2,barometro|termohigrometro|pluviometro,7
917,disjoint,3,7d,336,20,21.73,3,barometro|anemometro|luz,8
918,disjoint,3,7d,336,20,21.73,3,barometro|luz|anemometro,9
919,disjoint,3,7d,336,20,20.28,2,luz|interior|termohigrometro,10
920,disjoint,3,7d,336,30,30.42,3,barometro|pluviometro|termohigrometro,1
921,disjoint,3,7d,336,30,30.42,3,termohigrometro|anemometro|pluviometro,2
922,disjoint,3,7d,336,30,28.97,4,interior|luz|anemometro,3
923,disjoint,3,7d,336,30,30.42,3,pluviometro|termohigrometro|anemometro,4
924,disjoint,3,7d,336,30,28.97,5,luz|interior|pluviometro,5
925,disjoint,3,7d,336,30,28.97,4,luz|anemometro|interior,6
926,disjoint,3,7d,336,30,28.97,4,barometro|anemometro|pluviometro,7
927,disjoint,3,7d,336,30,30.42,3,pluviometro|anemometro|termohigrometro,8
928,disjoint,3,7d,336,30,28.97,4,anemometro|barometro|luz,9
929,disjoint,3,7d,336,30,28.97,4,luz|interior|barometro,10
930,disjoint,3,7d,336,40,40.56,4,pluviometro|termohigrometro|barometro,1
931,disjoint,3,7d,336,40,40.56,4,termohigrometro|barometro|pluviometro,2
932,disjoint,3,7d,336,40,40.56,4,termohigrometro|interior|luz,3
933,disjoint,3,7d,336,40,40.56,4,termohigrometro|luz|barometro,4
934,disjoint,3,7d,336,40,40.56,4,termohigrometro|interior|luz,5
935,disjoint,3,7d,336,40,40.56,4,anemometro|termohigrometro|pluviometro,6
936,disjoint,3,7d,336,40,40.56,4,luz|termohigrometro|anemometro,7
937,disjoint,3,7d,336,40,40.56,4,pluviometro|termohigrometro|interior,8
938,disjoint,3,7d,336,40,40.56,4,barometro|pluviometro|termohigrometro,9
939,disjoint,3,7d,336,40,40.56,4,luz|termohigrometro|barometro,10
940,disjoint,3,7d,336,50,50.7,5,barometro|pluviometro|termohigrometro,1
941,disjoint,3,7d,336,50,50.7,5,luz|termohigrometro|anemometro,2
942,disjoint,3,7d,336,50,50.7,5,termohigrometro|luz|barometro,3
943,disjoint,3,7d,336,50,50.7,5,anemometro|pluviometro|termohigrometro,4
944,disjoint,3,7d,336,50,50.7,5,termohigrometro|barometro|pluviometro,5
945,disjoint,3,7d,336,50,50.7,5,interior|termohigrometro|luz,6
946,disjoint,3,7d,336,50,50.7,5,pluviometro|interior|termohigrometro,7
947,disjoint,3,7d,336,50,50.7,5,pluviometro|termohigrometro|interior,8
948,disjoint,3,7d,336,50,50.7,5,pluviometro|interior|termohigrometro,9
949,disjoint,3,7d,336,50,50.7,5,barometro|termohigrometro|pluviometro,10
950,disjoint,6,1h,2,5,4.97,48,barometro|pluviometro|interior|termohigrometro|anemometro|luz,1
951,disjoint,6,1h,2,5,4.97,48,luz|barometro|anemometro|pluviometro|interior|termohigrometro,2
952,disjoint,6,1h,2,5,4.97,48,luz|interior|barometro|pluviometro|termohigrometro|anemometro,3
953,disjoint,6,1h,2,5,4.97,48,anemometro|termohigrometro|interior|luz|barometro|pluviometro,4
954,disjoint,6,1h,2,5,4.97,48,interior|luz|pluviometro|anemometro|termohigrometro|barometro,5
955,disjoint,6,1h,2,5,4.97,48,interior|pluviometro|barometro|anemometro|luz|termohigrometro,6
956,disjoint,6,1h,2,5,4.97,48,barometro|luz|interior|termohigrometro|anemometro|pluviometro,7
957,disjoint,6,1h,2,5,4.97,48,anemometro|barometro|luz|pluviometro|interior|termohigrometro,8
958,disjoint,6,1h,2,5,4.97,48,pluviometro|barometro|interior|anemometro|termohigrometro|luz,9
959,disjoint,6,1h,2,5,4.97,48,anemometro|interior|pluviometro|barometro|termohigrometro|luz,10
960,disjoint,6,1h,2,10,10.04,97,anemometro|luz|termohigrometro|interior|barometro|pluviometro,1
961,disjoint,6,1h,2,10,10.04,97,pluviometro|anemometro|luz|interior|termohigrometro|barometro,2
962,disjoint,6,1h,2,10,10.04,97,termohigrometro|anemometro|interior|luz|pluviometro|barometro,3
963,disjoint,6,1h,2,10,10.04,97,barometro|termohigrometro|luz|pluviometro|anemometro|interior,4
964,disjoint,6,1h,2,10,10.04,97,pluviometro|anemometro|interior|luz|termohigrometro|barometro,5
965,disjoint,6,1h,2,10,10.04,97,pluviometro|anemometro|termohigrometro|luz|barometro|interior,6
966,disjoint,6,1h,2,10,10.04,97,pluviometro|termohigrometro|interior|barometro|anemometro|luz,7
967,disjoint,6,1h,2,10,10.04,97,termohigrometro|barometro|interior|luz|pluviometro|anemometro,8
968,disjoint,6,1h,2,10,10.04,97,pluviometro|anemometro|termohigrometro|barometro|luz|interior,9
969,disjoint,6,1h,2,10,10.04,97,pluviometro|anemometro|termohigrometro|luz|barometro|interior,10
970,disjoint,6,1h,2,20,19.97,193,anemometro|termohigrometro|barometro|pluviometro|interior|luz,1
971,disjoint,6,1h,2,20,19.97,193,termohigrometro|anemometro|luz|interior|barometro|pluviometro,2
972,disjoint,6,1h,2,20,19.97,193,luz|anemometro|termohigrometro|pluviometro|interior|barometro,3
973,disjoint,6,1h,2,20,19.97,193,termohigrometro|luz|anemometro|pluviometro|barometro|interior,4
974,disjoint,6,1h,2,20,19.97,193,anemometro|luz|pluviometro|termohigrometro|interior|barometro,5
975,disjoint,6,1h,2,20,19.97,193,termohigrometro|luz|barometro|interior|pluviometro|anemometro,6
976,disjoint,6,1h,2,20,19.97,193,termohigrometro|barometro|luz|anemometro|interior|pluviometro,7
977,disjoint,6,1h,2,20,19.97,193,luz|barometro|pluviometro|anemometro|interior|termohigrometro,8
978,disjoint,6,1h,2,20,19.97,193,barometro|anemometro|termohigrometro|pluviometro|interior|luz,9
979,disjoint,6,1h,2,20,19.97,193,termohigrometro|barometro|luz|anemometro|interior|pluviometro,10
980,disjoint,6,1h,2,30,30.01,290,luz|interior|anemometro|pluviometro|termohigrometro|barometro,1
981,disjoint,6,1h,2,30,30.01,290,interior|luz|termohigrometro|pluviometro|barometro|anemometro,2
982,disjoint,6,1h,2,30,30.01,290,barometro|luz|termohigrometro|pluviometro|interior|anemometro,3
983,disjoint,6,1h,2,30,30.01,290,pluviometro|interior|termohigrometro|luz|barometro|anemometro,4
984,disjoint,6,1h,2,30,30.01,290,interior|pluviometro|barometro|luz|termohigrometro|anemometro,5
985,disjoint,6,1h,2,30,30.01,290,interior|barometro|anemometro|pluviometro|luz|termohigrometro,6
986,disjoint,6,1h,2,30,30.01,290,termohigrometro|barometro|interior|anemometro|pluviometro|luz,7
987,disjoint,6,1h,2,30,30.01,290,luz|anemometro|interior|barometro|termohigrometro|pluviometro,8
988,disjoint,6,1h,2,30,30.01,290,pluviometro|barometro|anemometro|luz|interior|termohigrometro,9
989,disjoint,6,1h,2,30,30.01,290,barometro|pluviometro|interior|luz|anemometro|termohigrometro,10
990,disjoint,6,1h,2,40,40.04,387,pluviometro|termohigrometro|barometro|luz|anemometro|interior,1
991,disjoint,6,1h,2,40,40.04,387,termohigrometro|interior|anemometro|luz|barometro|pluviometro,2
992,disjoint,6,1h,2,40,40.04,387,pluviometro|barometro|luz|interior|anemometro|termohigrometro,3
993,disjoint,6,1h,2,40,40.04,387,termohigrometro|luz|barometro|anemometro|pluviometro|interior,4
994,disjoint,6,1h,2,40,40.04,387,barometro|luz|anemometro|termohigrometro|interior|pluviometro,5
995,disjoint,6,1h,2,40,40.04,387,luz|pluviometro|barometro|interior|anemometro|termohigrometro,6
996,disjoint,6,1h,2,40,40.04,387,barometro|anemometro|interior|termohigrometro|luz|pluviometro,7
997,disjoint,6,1h,2,40,40.04,387,anemometro|interior|pluviometro|luz|barometro|termohigrometro,8
998,disjoint,6,1h,2,40,40.04,387,pluviometro|luz|barometro|termohigrometro|interior|anemometro,9
999,disjoint,6,1h,2,40,40.04,387,interior|anemometro|barometro|luz|pluviometro|termohigrometro,10
1000,disjoint,6,1h,2,50,49.97,483,anemometro|barometro|luz|pluviometro|termohigrometro|interior,1
1001,disjoint,6,1h,2,50,49.97,483,luz|pluviometro|barometro|termohigrometro|interior|anemometro,2
1002,disjoint,6,1h,2,50,49.97,483,interior|anemometro|termohigrometro|luz|pluviometro|barometro,3
1003,disjoint,6,1h,2,50,49.97,483,pluviometro|anemometro|interior|termohigrometro|luz|barometro,4
1004,disjoint,6,1h,2,50,49.97,483,interior|anemometro|barometro|pluviometro|luz|termohigrometro,5
1005,disjoint,6,1h,2,50,49.97,483,pluviometro|termohigrometro|luz|barometro|interior|anemometro,6
1006,disjoint,6,1h,2,50,49.97,483,anemometro|termohigrometro|pluviometro|interior|barometro|luz,7
1007,disjoint,6,1h,2,50,49.97,483,pluviometro|termohigrometro|luz|anemometro|interior|barometro,8
1008,disjoint,6,1h,2,50,49.97,483,termohigrometro|luz|interior|anemometro|barometro|pluviometro,9
1009,disjoint,6,1h,2,50,49.97,483,interior|pluviometro|barometro|anemometro|termohigrometro|luz,10
1010,disjoint,6,6h,12,5,4.97,8,termohigrometro|pluviometro|luz|interior|anemometro|barometro,1
1011,disjoint,6,6h,12,5,4.97,8,luz|termohigrometro|barometro|anemometro|interior|pluviometro,2
1012,disjoint,6,6h,12,5,4.97,8,interior|luz|barometro|pluviometro|anemometro|termohigrometro,3
1013,disjoint,6,6h,12,5,4.97,8,barometro|luz|termohigrometro|interior|anemometro|pluviometro,4
1014,disjoint,6,6h,12,5,4.97,8,luz|termohigrometro|pluviometro|barometro|anemometro|interior,5
1015,disjoint,6,6h,12,5,4.97,8,pluviometro|anemometro|termohigrometro|barometro|interior|luz,6
1016,disjoint,6,6h,12,5,4.97,8,interior|termohigrometro|barometro|pluviometro|luz|anemometro,7
1017,disjoint,6,6h,12,5,4.97,8,interior|termohigrometro|luz|pluviometro|anemometro|barometro,8
1018,disjoint,6,6h,12,5,4.97,8,luz|pluviometro|interior|termohigrometro|barometro|anemometro,9
1019,disjoint,6,6h,12,5,4.97,8,luz|pluviometro|interior|barometro|anemometro|termohigrometro,10
1020,disjoint,6,6h,12,10,9.93,16,pluviometro|barometro|anemometro|interior|termohigrometro|luz,1
1021,disjoint,6,6h,12,10,9.93,16,pluviometro|luz|anemometro|interior|termohigrometro|barometro,2
1022,disjoint,6,6h,12,10,9.93,16,interior|barometro|anemometro|pluviometro|luz|termohigrometro,3
1023,disjoint,6,6h,12,10,9.93,16,anemometro|interior|barometro|pluviometro|luz|termohigrometro,4
1024,disjoint,6,6h,12,10,9.93,16,pluviometro|anemometro|luz|interior|barometro|termohigrometro,5
1025,disjoint,6,6h,12,10,9.93,16,barometro|luz|anemometro|interior|pluviometro|termohigrometro,6
1026,disjoint,6,6h,12,10,9.93,16,pluviometro|anemometro|interior|termohigrometro|luz|barometro,7
1027,disjoint,6,6h,12,10,9.93,16,luz|barometro|interior|pluviometro|anemometro|termohigrometro,8
1028,disjoint,6,6h,12,10,9.93,16,anemometro|termohigrometro|pluviometro|interior|barometro|luz,9
1029,disjoint,6,6h,12,10,9.93,16,termohigrometro|luz|barometro|pluviometro|interior|anemometro,10
1030,disjoint,6,6h,12,20,19.87,32,termohigrometro|interior|pluviometro|barometro|luz|anemometro,1
1031,disjoint,6,6h,12,20,19.87,32,luz|pluviometro|barometro|anemometro|termohigrometro|interior,2
1032,disjoint,6,6h,12,20,19.87,32,pluviometro|interior|luz|barometro|termohigrometro|anemometro,3
1033,disjoint,6,6h,12,20,19.87,32,barometro|anemometro|pluviometro|interior|luz|termohigrometro,4
1034,disjoint,6,6h,12,20,19.87,32,interior|luz|barometro|pluviometro|anemometro|termohigrometro,5
1035,disjoint,6,6h,12,20,19.87,32,anemometro|termohigrometro|luz|interior|barometro|pluviometro,6
1036,disjoint,6,6h,12,20,19.87,32,termohigrometro|pluviometro|barometro|interior|luz|anemometro,7
1037,disjoint,6,6h,12,20,19.87,32,anemometro|pluviometro|luz|termohigrometro|interior|barometro,8
1038,disjoint,6,6h,12,20,19.87,32,termohigrometro|barometro|pluviometro|interior|luz|anemometro,9
1039,disjoint,6,6h,12,20,19.87,32,pluviometro|interior|termohigrometro|luz|anemometro|barometro,10
1040,disjoint,6,6h,12,30,29.8,48,luz|interior|termohigrometro|barometro|pluviometro|anemometro,1
1041,disjoint,6,6h,12,30,29.8,48,interior|pluviometro|termohigrometro|anemometro|luz|barometro,2
1042,disjoint,6,6h,12,30,29.8,48,interior|pluviometro|termohigrometro|barometro|anemometro|luz,3
1043,disjoint,6,6h,12,30,29.8,48,termohigrometro|pluviometro|anemometro|barometro|interior|luz,4
1044,disjoint,6,6h,12,30,29.8,48,interior|luz|anemometro|termohigrometro|pluviometro|barometro,5
1045,disjoint,6,6h,12,30,29.8,48,barometro|pluviometro|luz|anemometro|termohigrometro|interior,6
1046,disjoint,6,6h,12,30,29.8,48,termohigrometro|luz|pluviometro|anemometro|interior|barometro,7
1047,disjoint,6,6h,12,30,29.8,48,pluviometro|interior|termohigrometro|luz|barometro|anemometro,8
1048,disjoint,6,6h,12,30,29.8,48,pluviometro|barometro|anemometro|termohigrometro|luz|interior,9
1049,disjoint,6,6h,12,30,29.8,48,interior|luz|pluviometro|anemometro|termohigrometro|barometro,10
1050,disjoint,6,6h,12,40,39.73,64,interior|anemometro|barometro|luz|termohigrometro|pluviometro,1
1051,disjoint,6,6h,12,40,39.73,64,barometro|interior|pluviometro|anemometro|luz|termohigrometro,2
1052,disjoint,6,6h,12,40,39.73,64,barometro|luz|pluviometro|interior|termohigrometro|anemometro,3
1053,disjoint,6,6h,12,40,39.73,64,luz|pluviometro|anemometro|interior|barometro|termohigrometro,4
1054,disjoint,6,6h,12,40,39.73,64,anemometro|pluviometro|luz|barometro|termohigrometro|interior,5
1055,disjoint,6,6h,12,40,39.73,64,anemometro|barometro|luz|termohigrometro|interior|pluviometro,6
1056,disjoint,6,6h,12,40,39.73,64,anemometro|luz|termohigrometro|interior|barometro|pluviometro,7
1057,disjoint,6,6h,12,40,39.73,64,anemometro|pluviometro|barometro|termohigrometro|luz|interior,8
1058,disjoint,6,6h,12,40,39.73,64,termohigrometro|pluviometro|anemometro|barometro|interior|luz,9
1059,disjoint,6,6h,12,40,39.73,64,interior|luz|termohigrometro|anemometro|barometro|pluviometro,10
1060,disjoint,6,6h,12,50,50.28,81,barometro|interior|luz|pluviometro|termohigrometro|anemometro,1
1061,disjoint,6,6h,12,50,50.28,81,interior|pluviometro|anemometro|luz|barometro|termohigrometro,2
1062,disjoint,6,6h,12,50,50.28,81,barometro|pluviometro|anemometro|interior|termohigrometro|luz,3
1063,disjoint,6,6h,12,50,50.28,81,barometro|anemometro|pluviometro|luz|termohigrometro|interior,4
1064,disjoint,6,6h,12,50,50.28,81,luz|pluviometro|termohigrometro|barometro|anemometro|interior,5
1065,disjoint,6,6h,12,50,50.28,81,pluviometro|termohigrometro|luz|barometro|anemometro|interior,6
1066,disjoint,6,6h,12,50,50.28,81,termohigrometro|anemometro|interior|luz|barometro|pluviometro,7
1067,disjoint,6,6h,12,50,50.28,81,anemometro|luz|interior|barometro|termohigrometro|pluviometro,8
1068,disjoint,6,6h,12,50,50.28,81,barometro|pluviometro|termohigrometro|anemometro|interior|luz,9
1069,disjoint,6,6h,12,50,50.28,81,barometro|termohigrometro|pluviometro|interior|anemometro|luz,10
1070,disjoint,6,1d,48,5,4.97,2,termohigrometro|interior|luz|pluviometro|barometro|anemometro,1
1071,disjoint,6,1d,48,5,4.97,2,termohigrometro|interior|luz|barometro|pluviometro|anemometro,2
1072,disjoint,6,1d,48,5,4.97,2,luz|termohigrometro|anemometro|barometro|pluviometro|interior,3
1073,disjoint,6,1d,48,5,4.97,2,pluviometro|termohigrometro|luz|anemometro|barometro|interior,4
1074,disjoint,6,1d,48,5,4.97,2,termohigrometro|luz|barometro|pluviometro|anemometro|interior,5
1075,disjoint,6,1d,48,5,4.97,2,pluviometro|luz|barometro|termohigrometro|anemometro|interior,6
1076,disjoint,6,1d,48,5,4.97,2,anemometro|termohigrometro|barometro|interior|luz|pluviometro,7
1077,disjoint,6,1d,48,5,4.97,2,termohigrometro|luz|barometro|pluviometro|anemometro|interior,8
1078,disjoint,6,1d,48,5,4.97,2,anemometro|luz|interior|barometro|termohigrometro|pluviometro,9
1079,disjoint,6,1d,48,5,4.97,2,termohigrometro|anemometro|pluviometro|barometro|luz|interior,10
1080,disjoint,6,1d,48,10,9.93,4,luz|termohigrometro|barometro|interior|pluviometro|anemometro,1
1081,disjoint,6,1d,48,10,9.93,4,interior|anemometro|luz|barometro|pluviometro|termohigrometro,2
1082,disjoint,6,1d,48,10,9.93,4,luz|termohigrometro|interior|anemometro|pluviometro|barometro,3
1083,disjoint,6,1d,48,10,9.93,4,luz|barometro|anemometro|interior|termohigrometro|pluviometro,4
1084,disjoint,6,1d,48,10,9.93,4,interior|luz|barometro|anemometro|termohigrometro|pluviometro,5
1085,disjoint,6,1d,48,10,9.93,4,termohigrometro|anemometro|pluviometro|luz|interior|barometro,6
1086,disjoint,6,1d,48,10,9.93,4,luz|termohigrometro|pluviometro|anemometro|barometro|interior,7
1087,disjoint,6,1d,48,10,9.93,4,termohigrometro|pluviometro|barometro|anemometro|interior|luz,8
1088,disjoint,6,1d,48,10,9.93,4,termohigrometro|pluviometro|barometro|anemometro|luz|interior,9
1089,disjoint,6,1d,48,10,9.93,4,pluviometro|interior|barometro|anemometro|luz|termohigrometro,10
1090,disjoint,6,1d,48,20,19.87,8,pluviometro|barometro|luz|anemometro|termohigrometro|interior,1
1091,disjoint,6,1d,48,20,19.87,8,anemometro|termohigrometro|luz|interior|barometro|pluviometro,2
1092,disjoint,6,1d,48,20,19.87,8,anemometro|barometro|luz|termohigrometro|pluviometro|interior,3
1093,disjoint,6,1d,48,20,19.87,8,luz|pluviometro|anemometro|termohigrometro|barometro|interior,4
1094,disjoint,6,1d,48,20,19.87,8,barometro|termohigrometro|pluviometro|interior|anemometro|luz,5
1095,disjoint,6,1d,48,20,19.87,8,interior|pluviometro|termohigrometro|anemometro|luz|barometro,6
1096,disjoint,6,1d,48,20,19.87,8,luz|interior|termohigrometro|pluviometro|barometro|anemometro,7
1097,disjoint,6,1d,48,20,19.87,8,interior|termohigrometro|luz|pluviometro|anemometro|barometro,8
1098,disjoint,6,1d,48,20,19.87,8,interior|anemometro|barometro|pluviometro|termohigrometro|luz,9
1099,disjoint,6,1d,48,20,19.87,8,anemometro|termohigrometro|barometro|pluviometro|luz|interior,10
1100,disjoint,6,1d,48,30,29.8,12,barometro|interior|termohigrometro|luz|pluviometro|anemometro,1
1101,disjoint,6,1d,48,30,29.8,12,termohigrometro|interior|barometro|pluviometro|anemometro|luz,2
1102,disjoint,6,1d,48,30,29.8,12,interior|luz|barometro|termohigrometro|pluviometro|anemometro,3
1103,disjoint,6,1d,48,30,29.8,12,interior|anemometro|termohigrometro|barometro|luz|pluviometro,4
1104,disjoint,6,1d,48,30,29.8,12,interior|anemometro|luz|barometro|termohigrometro|pluviometro,5
1105,disjoint,6,1d,48,30,29.8,12,interior|luz|anemometro|pluviometro|barometro|termohigrometro,6
1106,disjoint,6,1d,48,30,29.8,12,interior|pluviometro|barometro|anemometro|termohigrometro|luz,7
1107,disjoint,6,1d,48,30,29.8,12,pluviometro|barometro|anemometro|luz|termohigrometro|interior,8
1108,disjoint,6,1d,48,30,29.8,12,termohigrometro|barometro|interior|pluviometro|luz|anemometro,9
1109,disjoint,6,1d,48,30,29.8,12,pluviometro|termohigrometro|barometro|interior|anemometro|luz,10
1110,disjoint,6,1d,48,40,39.73,16,anemometro|interior|pluviometro|luz|barometro|termohigrometro,1
1111,disjoint,6,1d,48,40,39.73,16,termohigrometro|pluviometro|anemometro|barometro|luz|interior,2
1112,disjoint,6,1d,48,40,39.73,16,termohigrometro|barometro|interior|pluviometro|anemometro|luz,3
1113,disjoint,6,1d,48,40,39.73,16,termohigrometro|interior|luz|pluviometro|anemometro|barometro,4
1114,disjoint,6,1d,48,40,39.73,16,termohigrometro|pluviometro|anemometro|barometro|interior|luz,5
1115,disjoint,6,1d,48,40,39.73,16,termohigrometro|luz|barometro|pluviometro|anemometro|interior,6
1116,disjoint,6,1d,48,40,39.73,16,interior|termohigrometro|luz|pluviometro|barometro|anemometro,7
1117,disjoint,6,1d,48,40,39.73,16,anemometro|luz|interior|termohigrometro|barometro|pluviometro,8
1118,disjoint,6,1d,48,40,39.73,16,pluviometro|interior|anemometro|luz|termohigrometro|barometro,9
1119,disjoint,6,1d,48,40,39.73,16,pluviometro|termohigrometro|barometro|luz|anemometro|interior,10
1120,disjoint,6,1d,48,50,49.66,20,interior|luz|pluviometro|anemometro|barometro|termohigrometro,1
1121,disjoint,6,1d,48,50,49.66,20,barometro|termohigrometro|pluviometro|luz|anemometro|interior,2
1122,disjoint,6,1d,48,50,49.66,20,barometro|anemometro|pluviometro|termohigrometro|interior|luz,3
1123,disjoint,6,1d,48,50,49.66,20,barometro|pluviometro|termohigrometro|anemometro|luz|interior,4
1124,disjoint,6,1d,48,50,49.66,20,interior|pluviometro|luz|barometro|termohigrometro|anemometro,5
1125,disjoint,6,1d,48,50,49.66,20,barometro|termohigrometro|pluviometro|interior|luz|anemometro,6
1126,disjoint,6,1d,48,50,49.66,20,pluviometro|luz|interior|termohigrometro|barometro|anemometro,7
1127,disjoint,6,1d,48,50,49.66,20,termohigrometro|luz|pluviometro|anemometro|barometro|interior,8
1128,disjoint,6,1d,48,50,49.66,20,barometro|luz|pluviometro|anemometro|termohigrometro|interior,9
1129,disjoint,6,1d,48,50,49.66,20,anemometro|termohigrometro|barometro|pluviometro|luz|interior,10
1130,disjoint,6,3d,144,30,29.8,4,termohigrometro|barometro|anemometro|luz|pluviometro|interior,1
1131,disjoint,6,3d,144,30,29.8,4,interior|barometro|luz|anemometro|termohigrometro|pluviometro,2
1132,disjoint,6,3d,144,30,29.8,4,barometro|luz|interior|anemometro|termohigrometro|pluviometro,3
1133,disjoint,6,3d,144,30,29.8,4,termohigrometro|anemometro|pluviometro|luz|interior|barometro,4
1134,disjoint,6,3d,144,30,29.8,4,interior|pluviometro|termohigrometro|luz|barometro|anemometro,5
1135,disjoint,6,3d,144,30,29.8,4,pluviometro|anemometro|luz|interior|barometro|termohigrometro,6
1136,disjoint,6,3d,144,30,29.8,4,pluviometro|luz|anemometro|interior|barometro|termohigrometro,7
1137,disjoint,6,3d,144,30,29.8,4,interior|barometro|termohigrometro|anemometro|pluviometro|luz,8
1138,disjoint,6,3d,144,30,29.8,4,pluviometro|interior|termohigrometro|luz|barometro|anemometro,9
1139,disjoint,6,3d,144,30,29.8,4,termohigrometro|anemometro|interior|pluviometro|luz|barometro,10
